Date,Open,High,Low,Close,Adj Close,Volume
4/12/2016,83.690002,84.629997,83.370003,84.349998,66.080582,9986100
4/13/2016,84.5,84.910004,84.040001,84.830002,66.456635,9235700
4/14/2016,85,85.900002,84.760002,85.43,66.926674,10625800
4/15/2016,85.300003,85.660004,84.779999,84.970001,66.566299,11280200
4/18/2016,84.970001,85.860001,83.860001,85.779999,67.200882,9097000
4/19/2016,85.849998,86.309998,85.220001,86.209999,67.537735,10354500
4/20/2016,86.230003,87.440002,85.970001,86.800003,67.999939,15247100
4/21/2016,86.589996,87.839996,86.57,86.790001,67.992134,12075300
4/22/2016,87.239998,87.639999,86.82,87.529999,68.571823,9150800
4/25/2016,87.089996,87.400002,86.349998,87.330002,68.415131,8076400
4/26/2016,87.75,87.940002,87.059998,87.629997,68.650169,9425900
4/27/2016,87.949997,88.720001,87.330002,88.459999,69.300392,10463500
4/28/2016,87.860001,88.779999,87.5,88.029999,68.963531,11276200
4/29/2016,88.68,89.779999,87.739998,88.400002,69.25341,17885900
5/2/2016,88.239998,89.480003,88.080002,89.129997,69.825287,10273700
5/3/2016,88.400002,88.629997,87.360001,88.110001,69.026215,10137400
5/4/2016,88.300003,88.739998,87.599998,87.940002,68.893028,10601100
5/5/2016,88.760002,88.970001,87.620003,88.040001,68.971375,8721100
5/6/2016,87.459999,88.68,87.459999,88.510002,69.339569,7968400
5/9/2016,88.599998,88.760002,87.230003,88.57,69.386581,11159500
5/10/2016,88.900002,90,88.82,89.989998,70.499031,12509100
5/11/2016,89.160004,89.68,88.720001,88.809998,70.159325,11660200
5/12/2016,89.800003,89.93,89.150002,89.669998,70.83873,10720500
5/13/2016,89.279999,89.660004,88.510002,88.660004,70.040833,9721100
5/16/2016,89.199997,89.669998,89,89.57,70.759712,8638700
5/17/2016,89.269997,89.910004,89.160004,89.529999,70.728119,9835600
5/18/2016,89.800003,90,88.650002,89.349998,70.58593,9680300
5/19/2016,88.610001,90.160004,88.449997,90.110001,71.186317,14397900
5/20/2016,90.389999,90.400002,89.379997,89.739998,70.894028,13191900
5/23/2016,89,89.900002,88.82,89.599998,70.783424,11766100
5/24/2016,89.889999,90.400002,89.550003,89.669998,70.83873,10056600
5/25/2016,89.849998,90.370003,89.589996,90.260002,71.304825,9578400
5/26/2016,90.25,90.459999,89.269997,89.800003,70.941429,7867900
5/27/2016,89.400002,90.050003,89.32,90.010002,71.107323,7505900
5/31/2016,90,90.199997,88.730003,89.019997,70.325218,13178800
6/1/2016,88.43,89.449997,88.129997,89.239998,70.499031,7994800
6/2/2016,88.209999,88.529999,87.610001,88.529999,69.938126,9837500
6/3/2016,88.440002,88.830002,88.029999,88.370003,69.811722,9367100
6/6/2016,88.870003,89.5,88.690002,89.339996,70.578018,8573000
6/7/2016,89.75,90.919998,89.709999,90.709999,71.660324,12889100
6/8/2016,91.029999,91.300003,90.529999,90.790001,71.723511,9983000
6/9/2016,90.18,91.029999,90.110001,90.669998,71.628716,8974300
6/10/2016,90.400002,90.919998,89.779999,89.980003,71.083633,10353800
6/13/2016,89.919998,91.43,89.699997,90.589996,71.565521,11370000
6/14/2016,90.449997,90.870003,89.849998,90.43,71.43911,10161000
6/15/2016,90.230003,90.900002,90,90.160004,71.225822,10655800
6/16/2016,89.699997,91.389999,89.110001,91.220001,72.06321,12824800
6/17/2016,91.489998,91.589996,90.190002,90.720001,71.668205,17483200
6/20/2016,91.290001,91.589996,91.07,91.120003,71.984215,9388500
6/21/2016,90.720001,91.639999,90.25,91.529999,72.308121,8557500
6/22/2016,91.839996,91.93,91.010002,91.169998,72.023705,8785400
6/23/2016,91.93,92.07,91.190002,91.800003,72.521408,9464500
6/24/2016,89.879997,90.800003,89.150002,89.389999,70.617531,20010500
6/27/2016,88.900002,89.099998,88.110001,88.860001,70.198814,14169400
6/28/2016,89.730003,90.93,89.519997,90.910004,71.818321,13254300
6/29/2016,91.410004,92.699997,91.120003,92.459999,73.042793,13920600
6/30/2016,92.330002,93.830002,92.300003,93.739998,74.053986,14073700
7/1/2016,93.360001,93.980003,93.07,93.839996,74.132988,9946300
7/5/2016,93.120003,93.599998,92.25,93.019997,73.485214,10744100
7/6/2016,93.349998,94.120003,92.440002,94.089996,74.330498,13144400
7/7/2016,94.339996,94.489998,92.349998,92.959999,73.437798,12240700
7/8/2016,93.389999,93.779999,92.919998,93.540001,73.896004,9807600
7/11/2016,93.75,94.410004,93.650002,93.889999,74.172501,8335700
7/12/2016,94.669998,94.949997,94.089996,94.949997,75.00988,9870800
7/13/2016,94.650002,94.919998,94.110001,94.879997,74.954575,9458200
7/14/2016,95.050003,95.529999,94.620003,94.949997,75.00988,9293500
7/15/2016,95.440002,95.550003,94.639999,95.120003,75.144188,10334500
7/18/2016,94.919998,95.150002,94.400002,94.82,74.907173,9865900
7/19/2016,94.760002,94.940002,94.199997,94.470001,74.630692,5901800
7/20/2016,94.25,94.419998,93.800003,93.93,74.204094,7383800
7/21/2016,93.889999,94.260002,93.459999,93.849998,74.140892,6854600
7/22/2016,94.110001,94.290001,93.720001,94.010002,74.267303,7139700
7/25/2016,93.470001,93.620003,91.760002,92.199997,72.837402,10845900
7/26/2016,91.629997,92.029999,91.110001,91.529999,72.308121,12143500
7/27/2016,91.510002,91.809998,90.629997,90.910004,71.818321,10037900
7/28/2016,90.540001,90.730003,89.610001,90.199997,71.257408,12439200
7/29/2016,87.610001,89.010002,86.120003,88.949997,70.269928,23928100
8/1/2016,88.080002,88.150002,85.589996,85.860001,67.82885,22908400
8/2/2016,86.449997,87.32,85.580002,87.040001,68.761047,18919200
8/3/2016,87.010002,87.489998,86.599998,87.489998,69.116539,14632900
8/4/2016,87.5,87.650002,87.029999,87.480003,69.108635,13451400
8/5/2016,87.730003,87.830002,87.150002,87.559998,69.171829,9617300
8/8/2016,88.050003,88.889999,88.029999,88.589996,69.985535,10492700
8/9/2016,88.620003,88.760002,88.18,88.699997,70.072433,9654600
8/10/2016,87.779999,87.919998,86.010002,86.410004,68.845467,12714800
8/11/2016,86.690002,87.269997,86.260002,86.720001,69.092453,11616000
8/12/2016,86.959999,87.980003,86.900002,87.849998,69.99276,9986900
8/15/2016,88.419998,88.5,87.639999,87.809998,69.960892,6432600
8/16/2016,87.830002,88.18,87.370003,87.919998,70.048538,6817900
8/17/2016,87.919998,88.18,87.660004,88.110001,70.199921,7104600
8/18/2016,88.379997,88.940002,88.120003,88.910004,70.837311,10342700
8/19/2016,88.629997,88.739998,87.790001,87.800003,69.952934,8615300
8/22/2016,87.309998,88.099998,86.849998,87.989998,70.104286,8235400
8/23/2016,87.839996,88.019997,87.559998,87.720001,69.889175,6514800
8/24/2016,87.5,88.160004,87.349998,88.019997,70.128197,7985400
8/25/2016,88.019997,88.029999,87.239998,87.459999,69.682022,6935300
8/26/2016,87.629997,88.110001,87,87.269997,69.530647,6474400
8/29/2016,87.040001,87.919998,87.040001,87.839996,69.984795,7027200
8/30/2016,87.870003,88.25,87.370003,87.519997,69.729828,6441100
8/31/2016,87.139999,87.209999,86.220001,87.139999,69.427086,12491400
9/1/2016,86.720001,86.839996,86.089996,86.839996,69.188042,8434700
9/2/2016,87.419998,87.580002,86.93,87.419998,69.650162,7099600
9/6/2016,87.839996,88.639999,87.660004,88.57,70.566391,9851200
9/7/2016,88.650002,88.669998,87.970001,88.239998,70.303474,7470400
9/8/2016,88.550003,89.370003,88.040001,89.050003,70.948837,9579500
9/9/2016,88.660004,88.660004,86.800003,86.839996,69.188042,12820200
9/12/2016,86.779999,87.709999,86.629997,87.290001,69.5466,10889000
9/13/2016,86.459999,86.470001,85.080002,85.209999,67.889381,13214300
9/14/2016,85.040001,85.830002,84.269997,84.599998,67.403374,13957000
9/15/2016,84.669998,85.650002,84.519997,85.080002,67.78582,9062600
9/16/2016,84.510002,85.050003,83.559998,84.029999,66.949234,21538400
9/19/2016,84.580002,84.620003,83.809998,83.830002,66.789902,7929100
9/20/2016,83.730003,83.949997,82.540001,82.540001,65.762131,17522000
9/21/2016,82.82,83.620003,82.309998,83.300003,66.36763,15055900
9/22/2016,84.279999,84.550003,83.379997,83.540001,66.558838,10738500
9/23/2016,82.68,84.309998,82.589996,83.449997,66.487144,12667100
9/26/2016,83.519997,84.5,82.93,83.059998,66.176399,10860300
9/27/2016,82.589996,83.339996,82.290001,83.239998,66.319817,9595000
9/28/2016,83.459999,87.230003,83.339996,86.900002,69.235855,28117900
9/29/2016,86.970001,87.199997,85.68,86.459999,68.8853,19082900
9/30/2016,86.839996,87.809998,86.650002,87.279999,69.538628,15961500
10/3/2016,86.940002,87.199997,86.540001,87.050003,69.355377,7111200
10/4/2016,87.379997,87.5,86.07,86.25,68.717995,8222000
10/5/2016,86.830002,87.169998,86.699997,87,69.315529,8796200
10/6/2016,87.25,87.470001,86.440002,87.040001,69.347404,7718300
10/7/2016,86.949997,87.400002,86.419998,86.739998,69.108376,6614900
10/10/2016,87.540001,88.669998,87.510002,88.440002,70.462822,10060000
10/11/2016,88.080002,88.190002,87.300003,87.739998,69.905106,9309000
10/12/2016,87.220001,87.720001,86.669998,87.129997,69.419113,8172600
10/13/2016,86.349998,86.870003,85.43,86.559998,68.964973,9890300
10/14/2016,87.190002,87.540001,86.480003,86.540001,68.949028,7991700
10/17/2016,86.480003,86.790001,86.07,86.540001,68.949028,7263100
10/18/2016,87.169998,87.330002,86.379997,86.769997,69.132294,5429300
10/19/2016,87.190002,87.849998,86.879997,87.169998,69.450974,9373400
10/20/2016,86.790001,87.5,86.599998,87.209999,69.482834,6866900
10/21/2016,86.419998,86.82,85.699997,86.620003,69.012772,10736200
10/24/2016,86.739998,87.32,86.07,86.910004,69.243835,8354900
10/25/2016,86.669998,87.650002,86.599998,86.720001,69.092453,6835900
10/26/2016,86.25,87.449997,85.949997,87.089996,69.387238,8488100
10/27/2016,87.279999,87.660004,86.800003,86.919998,69.251801,9071100
10/28/2016,85.279999,86.360001,84.139999,84.779999,67.546799,19072200
10/31/2016,83.879997,84.400002,82.989998,83.32,66.383545,16663800
11/1/2016,83.5,83.919998,83.269997,83.650002,66.646484,13050600
11/2/2016,83.300003,83.879997,82.940002,83.449997,66.487144,11226100
11/3/2016,83.68,83.879997,83.050003,83.660004,66.654442,8836500
11/4/2016,83.629997,84.330002,82.760002,83.57,66.582748,13877100
11/7/2016,84.489998,85.470001,84.400002,85.449997,68.080605,13576200
11/8/2016,84.730003,85.830002,84.489998,85.309998,68.570915,9735200
11/9/2016,84.050003,86.709999,83.660004,86.25,69.326477,15901300
11/10/2016,85.910004,87.989998,85.660004,87.050003,69.969505,14106100
11/11/2016,86.529999,86.730003,84.889999,85.669998,68.860268,13812200
11/14/2016,85.300003,85.650002,84.330002,85.279999,68.546791,12607500
11/15/2016,85.769997,87.059998,85.769997,86.82,69.784622,12883500
11/16/2016,86.739998,86.779999,85.580002,85.75,68.924583,8201200
11/17/2016,86.440002,86.879997,85.019997,85.230003,68.506622,8200500
11/18/2016,85.209999,85.650002,84.830002,85.279999,68.546791,8457800
11/21/2016,86.440002,86.690002,86.139999,86.489998,69.519371,8861500
11/22/2016,86.690002,87.239998,85.970001,86.68,69.672112,9390200
11/23/2016,86.540001,87.080002,86.309998,86.919998,69.865013,5996300
11/25/2016,86.709999,87.139999,86.540001,87.120003,70.025764,5042300
11/28/2016,86.949997,87.129997,86.370003,86.470001,69.503311,7449600
11/29/2016,85.419998,86.080002,85.080002,85.900002,69.045143,9181100
11/30/2016,87.599998,88.190002,87.199997,87.300003,70.170448,22696200
12/1/2016,87.980003,88.5,87.239998,87.239998,70.122215,13005600
12/2/2016,87.190002,87.989998,86.599998,87.040001,69.961464,9706600
12/5/2016,87.389999,87.82,86.919998,87.480003,70.315132,11741100
12/6/2016,87.269997,87.870003,86.699997,87.559998,70.379433,11293600
12/7/2016,87.629997,88.150002,87.199997,88.07,70.789352,11182600
12/8/2016,88.050003,88.849998,87.650002,88.32,70.990295,9086700
12/9/2016,88.639999,89,88.18,89,71.536888,8021700
12/12/2016,90.139999,91.5,90.139999,90.980003,73.128387,15545400
12/13/2016,91.889999,93.220001,91.169998,92.580002,74.414429,18829300
12/14/2016,92.260002,92.269997,90.169998,90.580002,72.806854,16325400
12/15/2016,90.099998,90.980003,89.760002,90.889999,73.056046,11155100
12/16/2016,91.519997,91.669998,90.639999,91.18,73.289139,20560400
12/19/2016,91.379997,91.540001,90.199997,90.419998,72.678253,9674400
12/20/2016,90.510002,90.849998,90.290001,90.43,72.686287,7221000
12/21/2016,90.68,90.900002,90.18,90.279999,72.565712,7308000
12/22/2016,90.019997,90.900002,90.019997,90.870003,73.039978,8003100
12/23/2016,90.889999,90.959999,90.519997,90.709999,72.911346,4266500
12/27/2016,90.830002,91.110001,90.580002,90.75,72.943512,4960600
12/28/2016,90.68,91.110001,90.260002,90.300003,72.581795,6745900
12/29/2016,90.099998,90.599998,90.029999,90.349998,72.621994,6684700
12/30/2016,90.029999,90.699997,90.010002,90.260002,72.549652,9117800
1/3/2017,90.940002,91.339996,90.150002,90.889999,73.056046,10360600
1/4/2017,91.120003,91.150002,89.75,89.889999,72.252251,9434200
1/5/2017,90.190002,90.300003,88.440002,88.550003,71.175179,14443200
1/6/2017,88.790001,88.980003,87.82,88.5,71.134987,16518100
1/9/2017,88.220001,88.220001,86.550003,87.040001,69.961464,13762300
1/10/2017,87.169998,87.309998,85.910004,85.93,69.069252,13283100
1/11/2017,85.900002,86.949997,85.860001,86.809998,69.776581,11183700
1/12/2017,87.269997,87.379997,86.07,86.339996,69.398804,10407000
1/13/2017,86.269997,86.68,86.169998,86.349998,69.406853,8415600
1/17/2017,86.580002,87.389999,86.25,87.360001,70.218666,13237300
1/18/2017,87.059998,87.410004,86.050003,86.279999,69.350571,11831700
1/19/2017,85.970001,86.099998,84.589996,84.730003,68.104721,16382900
1/20/2017,85.440002,85.959999,85.050003,85.889999,69.037094,18739700
1/23/2017,85.68,85.879997,84.75,84.970001,68.297623,11433900
1/24/2017,84.980003,85.470001,84.830002,85.089996,68.394066,11858100
1/25/2017,85.339996,85.879997,85.25,85.339996,68.595032,9578500
1/26/2017,85.690002,85.830002,85.120003,85.599998,68.804008,8779400
1/27/2017,85.300003,85.75,85.040001,85.510002,68.731674,10947900
1/30/2017,85.419998,85.449997,84.18,84.860001,68.209206,12789200
1/31/2017,85.040001,85.07,83.129997,83.889999,67.429527,19128100
2/1/2017,84,84.160004,82.540001,82.940002,66.665932,15111800
2/2/2017,83.209999,83.529999,82.550003,83.449997,67.075882,12200100
2/3/2017,83.699997,83.720001,82.900002,83.540001,67.148209,12746300
2/6/2017,83.550003,83.650002,82.93,83.309998,66.963348,9938200
2/7/2017,83.230003,83.620003,82.449997,82.769997,66.529297,11705200
2/8/2017,81.989998,82.120003,81.169998,81.480003,66.091293,14006300
2/9/2017,81.480003,82.050003,81.480003,81.839996,66.383301,9603000
2/10/2017,82.260002,82.769997,82.129997,82.519997,66.934875,8739800
2/13/2017,82.769997,83.18,82.349998,83,67.324203,9071600
2/14/2017,82.910004,83.099998,82.059998,82.82,67.178207,11370500
2/15/2017,82.639999,83.18,82.459999,83.160004,67.454002,11768500
2/16/2017,83.120003,83.419998,82.169998,82.300003,66.756416,10615000
2/17/2017,82.089996,82.190002,81.440002,81.760002,66.318398,15646000
2/21/2017,82.120003,82.150002,81.300003,81.889999,66.423859,16419600
2/22/2017,81.650002,81.699997,80.870003,80.93,65.645157,12917400
2/23/2017,81.419998,82.220001,81.029999,81.779999,66.334633,13847000
2/24/2017,81.599998,81.800003,80.760002,81.080002,65.766823,11338700
2/27/2017,81.129997,81.709999,80.809998,81.540001,66.139954,13465900
2/28/2017,81.529999,81.989998,81.050003,81.32,65.961517,16834200
3/1/2017,81.699997,83.330002,81.699997,83.019997,67.340424,17482100
3/2/2017,82.800003,84.25,82.790001,83.300003,67.567558,14170300
3/3/2017,83.300003,83.599998,82.260002,82.459999,66.886208,12190400
3/6/2017,82.440002,82.900002,82.330002,82.830002,67.186333,9617200
3/7/2017,83.110001,83.290001,82.139999,82.519997,66.934875,12711500
3/8/2017,82.349998,82.379997,81.010002,81.029999,65.726257,16817700
3/9/2017,80.639999,81.720001,80.309998,81.669998,66.245384,14721800
3/10/2017,82.440002,82.470001,81.160004,81.610001,66.196739,11355200
3/13/2017,81.5,81.940002,81.050003,81.419998,66.042625,9571400
3/14/2017,81,81.230003,80.440002,80.989998,65.693825,11335700
3/15/2017,81.349998,82.059998,81.050003,82,66.513077,11970300
3/16/2017,82.029999,82.199997,81.669998,82.07,66.569862,9923800
3/17/2017,82.029999,82.260002,81.82,82,66.513077,18834100
3/20/2017,81.720001,82.040001,81.440002,82,66.513077,7700300
3/21/2017,82.160004,82.349998,81.599998,81.830002,66.375183,13387700
3/22/2017,81.959999,82.089996,81.43,81.760002,66.318398,11168400
3/23/2017,81.629997,82.220001,81.459999,81.860001,66.399513,8928000
3/24/2017,82.029999,82.029999,81.150002,81.230003,65.888504,9128500
3/27/2017,80.82,81.43,80.790001,81.25,65.904732,8481200
3/28/2017,81.32,82.019997,80.959999,81.839996,66.383301,11028600
3/29/2017,81.690002,82.279999,81.550003,82.019997,66.529297,8495500
3/30/2017,82.029999,83.870003,81.940002,83.699997,67.891998,44704900
3/31/2017,83.260002,83.309998,81.860001,82.010002,66.521172,21750400
4/3/2017,82.019997,82.309998,81.349998,82.07,66.569862,11438700
4/4/2017,82.099998,82.419998,81.330002,82.370003,66.813187,9270900
4/5/2017,82.849998,83.550003,82.470001,82.529999,66.942978,13809100
4/6/2017,82.75,83.209999,82.459999,83.010002,67.332336,9554900
4/7/2017,83.239998,83.360001,82.68,82.760002,67.129547,8909600
4/10/2017,83.120003,83.470001,82.919998,83.129997,67.429672,8885300
4/11/2017,83.080002,83.169998,82.419998,82.839996,67.194427,8576500
4/12/2017,82.860001,83.349998,82.699997,82.970001,67.299873,9516100
4/13/2017,82.720001,82.730003,81.57,81.690002,66.261635,8667900
4/17/2017,81.849998,81.970001,81.440002,81.580002,66.172409,9577200
4/18/2017,81.32,81.82,81.029999,81.050003,65.742485,8821400
4/19/2017,81.169998,81.510002,80.300003,80.489998,65.288269,10764400
4/20/2017,80.949997,81.739998,80.699997,81.010002,65.710068,11649100
4/21/2017,80.93,81,80.470001,80.690002,65.450485,9816700
4/24/2017,81.279999,81.400002,80.809998,81.110001,65.791168,8729700
4/25/2017,81.43,81.93,81.279999,81.730003,66.294075,10733800
4/26/2017,81.519997,82.330002,81.389999,81.400002,66.026413,9445900
4/27/2017,81.07,81.300003,80.940002,81.260002,65.912827,12385300
4/28/2017,82.459999,82.489998,81.559998,81.650002,66.229172,12072200
5/1/2017,81.510002,82.209999,81.480003,82.059998,66.561729,8664100
5/2/2017,82.139999,82.589996,81.900002,82.050003,66.553635,9102900
5/3/2017,81.970001,83.07,81.910004,82.699997,67.080872,10289000
5/4/2017,82.290001,82.360001,81.400002,81.639999,66.221077,16164500
5/5/2017,81.629997,82.239998,81.610001,82.019997,66.529297,10213000
5/8/2017,82,82.940002,82,82.889999,67.23497,8097100
5/9/2017,82.959999,83,82.160004,82.309998,66.764526,8647100
5/10/2017,82.120003,82.370003,81.650002,81.910004,67.067474,9520300
5/11/2017,82.589996,82.709999,82.099998,82.610001,67.640648,10047300
5/12/2017,82.389999,82.709999,82.25,82.550003,67.591507,7480200
5/15/2017,83,83.18,82.650002,82.800003,67.796196,10881500
5/16/2017,82.900002,83.230003,82.449997,82.550003,67.591507,9574200
5/17/2017,82.550003,83.040001,81.959999,81.989998,67.132973,11151100
5/18/2017,81.769997,82.150002,81.419998,81.75,66.93647,9905800
5/19/2017,82,82.089996,81.690002,81.93,67.083862,13028500
5/22/2017,82.110001,82.330002,81.93,82.290001,67.378632,9218700
5/23/2017,82.32,82.889999,82.239998,82.580002,67.616081,6857200
5/24/2017,82.419998,82.540001,82.010002,82.290001,67.378632,8136000
5/25/2017,82.330002,82.709999,81.519997,81.75,66.93647,12370900
5/26/2017,81.610001,81.800003,80.830002,81.550003,66.77272,8227100
5/30/2017,81.279999,81.339996,81.040001,81.099998,66.404259,8973600
5/31/2017,80.940002,80.949997,80.470001,80.5,65.912987,13572300
6/1/2017,80.370003,80.900002,80.190002,80.699997,66.076744,9884100
6/2/2017,80.589996,80.68,79.260002,79.5,65.094185,21687300
6/5/2017,79.440002,80.389999,79.400002,80.120003,65.60183,11527100
6/6/2017,80.300003,81.32,80.220001,81.209999,66.494324,12208600
6/7/2017,81.050003,81.400002,80.339996,80.910004,66.248688,13096500
6/8/2017,80.910004,81.080002,80.489998,80.620003,66.011238,11720700
6/9/2017,81.150002,82.139999,80.690002,82.129997,67.24762,13553900
6/12/2017,82.129997,83.690002,82.129997,82.93,67.902657,18172900
6/13/2017,82.849998,83.269997,82.57,82.959999,67.927223,12175500
6/14/2017,82.809998,82.82,81.559998,82.07,67.198479,13714000
6/15/2017,81.779999,82.400002,81.580002,82.260002,67.354065,11862600
6/16/2017,82.610001,83.540001,82.199997,83.489998,68.361183,39726100
6/19/2017,83.489998,83.489998,82.550003,82.760002,67.763458,10445700
6/20/2017,82.07,82.470001,81.410004,82.309998,67.394997,13232600
6/21/2017,82.040001,82.629997,81.139999,81.440002,66.682663,11422300
6/22/2017,81.449997,81.580002,80.900002,81.080002,66.387863,8139900
6/23/2017,80.849998,81.690002,80.760002,81.610001,66.821838,10611200
6/26/2017,81.57,81.75,80.910004,81.239998,66.518883,7718700
6/27/2017,81.449997,81.730003,81.110001,81.110001,66.41246,9221600
6/28/2017,81.410004,81.760002,81.190002,81.529999,66.756332,9189700
6/29/2017,81.370003,81.839996,80.410004,80.699997,66.076744,20525100
6/30/2017,81.080002,81.239998,80.699997,80.730003,66.101318,14000600
7/3/2017,80.790001,82.489998,80.720001,82.099998,67.223038,8422300
7/5/2017,81.68,81.68,80.519997,80.849998,66.199562,9830800
7/6/2017,80.860001,81.080002,80.089996,80.120003,65.60183,9822400
7/7/2017,80.199997,80.599998,79.809998,80.220001,65.683716,10777800
7/10/2017,80,80.410004,79.959999,80.160004,65.63459,6338300
7/11/2017,80.330002,80.75,80.040001,80.599998,65.994858,9681100
7/12/2017,81.190002,81.519997,80.75,80.959999,66.289627,7974000
7/13/2017,80.970001,81.089996,80.730003,80.970001,66.297813,5582300
7/14/2017,81,81.410004,80.769997,81.279999,66.551643,7497200
7/17/2017,81,81.43,80.830002,80.860001,66.207748,7914700
7/18/2017,81.019997,81.080002,80.410004,80.599998,65.994858,8046100
7/19/2017,80.440002,80.870003,80.269997,80.849998,66.199562,9393200
7/20/2017,80.970001,81.489998,80.75,80.860001,66.207748,9681000
7/21/2017,80.650002,80.839996,80,80.120003,65.60183,12268600
7/24/2017,80.059998,80.220001,79.760002,79.870003,65.397141,9403000
7/25/2017,80.769997,81.050003,80.269997,80.269997,65.724663,11465300
7/26/2017,80.580002,80.900002,80.199997,80.370003,65.806549,10465100
7/27/2017,80.239998,80.879997,79.900002,80.830002,66.183174,11149700
7/28/2017,79.650002,79.919998,78.269997,79.599998,65.176071,22800800
7/31/2017,79.830002,80.389999,79.599998,80.040001,65.536339,12820200
8/1/2017,80.160004,80.540001,79.970001,80.169998,65.642776,10421200
8/2/2017,79.900002,80.639999,79.800003,80.599998,65.994858,10410100
8/3/2017,80.339996,80.82,80.300003,80.489998,65.9048,10136700
8/4/2017,80.440002,80.559998,80.050003,80.209999,65.675522,8292200
8/7/2017,80.169998,80.169998,79.860001,80.160004,65.63459,7893800
8/8/2017,80.019997,80.220001,79.830002,79.959999,65.470825,9028400
8/9/2017,80.25,80.349998,79.779999,80.209999,65.675522,8087100
8/10/2017,79.760002,79.779999,78.910004,78.970001,65.286972,12580300
8/11/2017,79.209999,79.25,78.199997,78.209999,64.658661,10192400
8/14/2017,78.620003,78.790001,78.120003,78.230003,64.675186,8862500
8/15/2017,78.120003,78.25,77.68,78.040001,64.518105,10350900
8/16/2017,78.040001,78.169998,77.309998,77.470001,64.046867,9117100
8/17/2017,77.260002,77.279999,76.209999,76.260002,63.046539,13400400
8/18/2017,76.18,77.110001,76.050003,76.639999,63.360676,14324300
8/21/2017,76.470001,76.620003,76.080002,76.379997,63.145744,10084900
8/22/2017,76.550003,77.330002,76.529999,76.739998,63.443367,9503600
8/23/2017,76.699997,77.010002,76.470001,76.610001,63.335884,7054300
8/24/2017,76.5,76.650002,76.199997,76.330002,63.104401,8678300
8/25/2017,76.559998,77.129997,76.43,76.720001,63.426811,6844900
8/28/2017,76.900002,76.940002,76.260002,76.470001,63.220146,8229700
8/29/2017,76.209999,76.489998,76.080002,76.449997,63.203606,7060400
8/30/2017,76.239998,76.449997,76.059998,76.099998,62.914253,8218000
8/31/2017,76.269997,76.489998,76.050003,76.330002,63.104401,15641700
9/1/2017,76.370003,76.849998,76.32,76.57,63.302814,7361100
9/5/2017,76.639999,77.360001,76.610001,77.18,63.807117,12784800
9/6/2017,77.889999,79.220001,77.580002,78.779999,65.129875,18574400
9/7/2017,79.019997,79.330002,78.610001,79.029999,65.336555,9836400
9/8/2017,79.010002,79.040001,78.629997,78.82,65.162956,8436000
9/11/2017,79.410004,79.419998,78.900002,79.25,65.518456,12955800
9/12/2017,79.400002,79.690002,79.239998,79.5,65.725128,7644400
9/13/2017,79.5,79.769997,79.379997,79.769997,65.948349,8369700
9/14/2017,79.849998,80.230003,79.769997,80.089996,66.212906,9072600
9/15/2017,80.120003,80.209999,79.550003,80.07,66.196365,16043700
9/18/2017,79.790001,80.139999,79.699997,80.089996,66.212906,8594400
9/19/2017,80.059998,80.389999,79.989998,80.220001,66.320381,9277100
9/20/2017,80.279999,80.660004,80.260002,80.550003,66.593201,10606900
9/21/2017,80.489998,80.529999,79.760002,79.889999,66.047569,11984200
9/22/2017,79.720001,80.300003,79.669998,79.919998,66.072357,10205800
9/25/2017,80.029999,81,79.980003,80.980003,66.948708,10496600
9/26/2017,80.709999,81,80.559998,80.889999,66.874298,8755100
9/27/2017,80.889999,81.449997,80.790001,81.43,67.320724,9724500
9/28/2017,81.629997,82.449997,81.559998,82.190002,67.949051,15581700
9/29/2017,81.940002,82.059998,81.580002,81.980003,67.775436,9944000
10/2/2017,81.300003,81.82,81.25,81.629997,67.486084,6777900
10/3/2017,81.410004,81.970001,81.300003,81.760002,67.593559,6082000
10/4/2017,81.800003,81.870003,81.449997,81.790001,67.618355,6357100
10/5/2017,81.720001,82.239998,81.589996,82.019997,67.808495,7375900
10/6/2017,81.769997,81.889999,81.360001,81.709999,67.552216,6070600
10/9/2017,81.839996,82.18,81.760002,82.029999,67.816765,7489900
10/10/2017,82.339996,82.739998,82.089996,82.260002,68.006927,7218500
10/11/2017,82.160004,82.739998,82.139999,82.599998,68.288002,7023700
10/12/2017,82.309998,82.5,82.169998,82.43,68.147476,6647500
10/13/2017,82.730003,83.080002,82.360001,82.410004,68.130936,7180000
10/16/2017,82.699997,82.949997,82.540001,82.809998,68.461617,5734000
10/17/2017,82.629997,82.970001,82.540001,82.959999,68.585625,6444100
10/18/2017,82.959999,83.389999,82.540001,82.760002,68.420265,6367100
10/19/2017,82.349998,83.050003,82.330002,82.739998,68.40374,7945500
10/20/2017,82.849998,83.129997,82.620003,83.110001,68.709625,9574100
10/23/2017,83.150002,83.760002,83.040001,83.239998,68.817108,9829900
10/24/2017,83.550003,83.809998,83.309998,83.470001,69.007271,7551200
10/25/2017,83.449997,83.730003,82.949997,83.169998,68.759232,9153300
10/26/2017,83.370003,83.650002,83.110001,83.470001,69.007271,9154500
10/27/2017,83,84.239998,82.010002,83.709999,69.205673,14866200
10/30/2017,83.709999,83.949997,83.410004,83.540001,69.065132,7811100
10/31/2017,83.650002,83.68,83.169998,83.349998,68.908043,9754200
11/1/2017,83.389999,83.940002,83.260002,83.870003,69.337952,9430000
11/2/2017,83.599998,83.709999,82.910004,83.529999,69.056862,7775500
11/3/2017,83.419998,83.639999,83.160004,83.18,68.767502,6903500
11/6/2017,83.300003,83.870003,83.059998,83.75,69.238739,9276700
11/7/2017,83.739998,83.82,83.029999,83.580002,69.098213,8471800
11/8/2017,83.360001,83.5,82.860001,83.470001,69.007271,8691600
11/9/2017,83.300003,84.139999,83.080002,83.970001,69.420631,10528800
11/10/2017,83.010002,83.080002,82.419998,82.940002,69.203682,8693700
11/13/2017,82.650002,83.089996,82.599998,82.889999,69.161964,6720400
11/14/2017,82.419998,82.75,82.089996,82.239998,68.619614,9251700
11/15/2017,81.75,82.089996,81.150002,81.209999,67.760208,9663600
11/16/2017,80.440002,80.849998,80.150002,80.559998,67.21785,10527200
11/17/2017,80.32,80.660004,80.160004,80.239998,66.950851,9536400
11/20/2017,80.230003,80.639999,80.010002,80.550003,67.209511,8468600
11/21/2017,80.690002,81.25,80.639999,80.870003,67.476524,8838400
11/22/2017,81.160004,81.410004,81.050003,81.099998,67.668419,7941600
11/24/2017,81.440002,81.699997,81.220001,81.419998,67.935425,3851300
11/27/2017,81.32,81.400002,81.019997,81.110001,67.676773,9127500
11/28/2017,81.410004,82,81.309998,81.669998,68.144005,9794600
11/29/2017,81.650002,82.309998,81.480003,82.269997,68.644638,9725000
11/30/2017,82.449997,83.400002,82.410004,83.290001,69.49572,18592700
12/1/2017,83.440002,84.129997,82.410004,83.459999,69.637566,13779300
12/4/2017,83.209999,84.18,83,83.57,69.729347,12597700
12/5/2017,83.410004,83.769997,82.709999,82.889999,69.161964,9357200
12/6/2017,82.849998,83.199997,82.209999,82.279999,68.652985,13398900
12/7/2017,82.400002,82.620003,82.169998,82.550003,68.878288,11359600
12/8/2017,82.489998,82.900002,82.260002,82.660004,68.97007,11988600
12/11/2017,83.040001,83.25,82.739998,83.029999,69.278778,8760700
12/12/2017,82.889999,83.379997,82.699997,82.760002,69.053497,11307000
12/13/2017,82.610001,83.300003,82.480003,83.120003,69.353889,10172700
12/14/2017,83.029999,83.330002,82.889999,82.900002,69.170319,9492400
12/15/2017,83.160004,83.279999,82.870003,83.029999,69.278778,26582300
12/18/2017,83.18,83.669998,82.910004,82.940002,69.203682,9363500
12/19/2017,83.029999,83.169998,82.330002,82.440002,68.786499,10285100
12/20/2017,82.599998,83.139999,82.519997,82.870003,69.145287,10620300
12/21/2017,83.349998,84.269997,82.959999,83.849998,69.962975,13578100
12/22/2017,83.879997,84.019997,83.599998,83.970001,70.06311,10161400
12/26/2017,83.959999,84.360001,83.900002,83.980003,70.071449,4777200
12/27/2017,83.989998,84.099998,83.739998,83.900002,70.0047,7000600
12/28/2017,83.980003,84.050003,83.800003,84.019997,70.104805,7495300
12/29/2017,84,84.199997,83.639999,83.639999,69.787743,8523400
1/2/2018,83.82,85.199997,83.660004,85.029999,70.947556,11469300
1/3/2018,85.160004,86.970001,84.82,86.699997,72.340958,13957700
1/4/2018,86.790001,87.220001,86.43,86.82,72.441093,10863000
1/5/2018,86.75,86.879997,85.709999,86.75,72.382668,11047600
1/8/2018,86.699997,87.150002,86.599998,87.139999,72.708092,10927100
1/9/2018,86.940002,87.150002,86.650002,86.769997,72.399376,8131600
1/10/2018,87,87.190002,85.980003,86.080002,71.823639,10822300
1/11/2018,86.360001,87.370003,85.93,86.93,72.532875,14366000
1/12/2018,87.199997,87.989998,87.18,87.519997,73.025146,9834500
1/16/2018,87.739998,87.760002,86.599998,86.970001,72.566261,10882800
1/17/2018,87.199997,88.209999,86.93,88,73.425659,10546000
1/18/2018,87.769997,88.190002,87.339996,87.43,72.950066,9223700
1/19/2018,87.57,87.760002,86.610001,87.150002,72.716438,13090000
1/22/2018,87.169998,88.290001,87.050003,88.25,73.634239,10270400
1/23/2018,88.25,88.459999,87.739998,88.300003,73.67598,10281800
1/24/2018,88.489998,88.919998,88.010002,88.529999,73.867882,10316100
1/25/2018,88.550003,88.870003,88.199997,88.370003,73.734383,11271900
1/26/2018,88.639999,89,88.470001,89,74.260033,10514400
1/29/2018,88.589996,89.300003,87.949997,88.010002,73.434006,9315700
1/30/2018,87.540001,88.379997,86.779999,86.779999,72.407715,12408000
1/31/2018,86.559998,87.470001,86.330002,87.300003,72.841591,14404700
2/1/2018,87.5,89.25,87.349998,89.07,74.318459,17971000
2/2/2018,85.129997,86.010002,83,84.529999,70.53035,29822100
2/5/2018,83.279999,83.989998,78.129997,79.720001,66.516953,30452700
2/6/2018,78.510002,80.349998,76.900002,78.349998,65.373871,36262800
2/7/2018,78.440002,79.410004,76.919998,76.940002,64.197388,21994500
2/8/2018,77.440002,77.580002,76.029999,76.07,63.471489,25650800
2/9/2018,76.25,76.480003,73.900002,75.779999,63.87608,29491600
2/12/2018,77.050003,77.620003,75.839996,76.419998,64.415543,19340400
2/13/2018,76.099998,76.75,75.730003,76.300003,64.314377,11926600
2/14/2018,75.790001,76.660004,75.169998,76.459999,64.449257,17188400
2/15/2018,76.620003,76.699997,75.449997,76.209999,64.238518,14432400
2/16/2018,76.150002,77.120003,75.849998,76.540001,64.516693,13722400
2/20/2018,76.470001,77.470001,75.459999,75.75,63.85078,13387300
2/21/2018,75.82,76.440002,74.870003,74.889999,63.125885,11715000
2/22/2018,75.300003,76.839996,75.190002,75.860001,63.943508,14020200
2/23/2018,76.089996,77.620003,75.949997,77.529999,65.351181,13378800
2/26/2018,77.739998,78.93,77.559998,78.839996,66.455391,16940400
2/27/2018,79,79.870003,77.5,77.5,65.32589,14629500
2/28/2018,78.160004,78.25,75.699997,75.739998,63.842354,17087800
3/1/2018,75.529999,76.68,74.860001,75.199997,63.38718,15696700
3/2/2018,74.889999,75.870003,74.480003,75.550003,63.682209,15630300
3/5/2018,75.230003,76.559998,75.120003,76.269997,64.289108,14891000
3/6/2018,76.669998,76.980003,75.860001,76.18,64.213234,10754300
3/7/2018,75,75.239998,73.559998,74.260002,62.594833,27255500
3/8/2018,74.5,74.769997,73.690002,74.120003,62.476845,19299800
3/9/2018,74.82,75.059998,74.209999,74.559998,62.847706,19714100
3/12/2018,74.870003,75.580002,74.690002,75.239998,63.420906,14226700
3/13/2018,75.330002,75.82,74.25,74.529999,62.822422,13739700
3/14/2018,74.639999,74.790001,73.529999,73.599998,62.038513,14820700
3/15/2018,74.349998,75,74.099998,74.419998,62.729702,15640600
3/16/2018,74.360001,75.120003,74.360001,75.120003,63.319763,32109700
3/19/2018,75,75.010002,73.860001,74.150002,62.502132,12744800
3/20/2018,74.220001,74.699997,73.949997,73.989998,62.367268,13003200
3/21/2018,74.230003,75.639999,73.980003,75.040001,63.252327,15418500
3/22/2018,74.419998,74.699997,73.389999,73.5,61.954243,17737000
3/23/2018,73.809998,74.209999,72.669998,72.889999,61.440056,20157300
3/26/2018,73.650002,74.150002,72.75,74,62.375694,15032700
3/27/2018,74,74.889999,73.279999,73.699997,62.12281,15821900
3/28/2018,73.739998,74.010002,72.779999,72.809998,61.372616,18163900
3/29/2018,73.330002,74.889999,73.260002,74.610001,62.88987,14882900
4/2/2018,74.269997,74.400002,72.160004,73.220001,61.718204,17891100
4/3/2018,73.449997,75.139999,73.099998,75.019997,63.235462,15999200
4/4/2018,74.050003,75.059998,73.440002,74.870003,63.109016,13122200
4/5/2018,75.059998,76.32,75.019997,76.019997,64.078377,14200000
4/6/2018,75.639999,76.120003,74.220001,74.870003,63.109016,14299600
4/9/2018,75.220001,75.790001,74.800003,74.870003,63.109016,11103100
4/10/2018,76.080002,77.769997,76.059998,77.07,64.96344,19006100
4/11/2018,77.110001,78.040001,76.75,77.43,65.266891,13734000
4/12/2018,77.860001,78.139999,77.010002,77.220001,65.089882,13270400
4/13/2018,77.800003,78.190002,77.599998,77.839996,65.61248,10925000
4/16/2018,78.120003,79.080002,77.709999,78.540001,66.20253,10743600
4/17/2018,78.540001,78.760002,78.040001,78.330002,66.025505,10478100
4/18/2018,79.040001,79.760002,78.940002,79.220001,66.775703,12061400
4/19/2018,79.32,79.82,78.809998,79.419998,66.944275,11291500
4/20/2018,79.32,79.400002,78.330002,79,66.590256,12072200
4/23/2018,78.919998,79.599998,78.75,79.57,67.070717,11729800
4/24/2018,79.800003,79.93,77.970001,78.349998,66.042358,14102000
4/25/2018,78.199997,79.620003,77.489998,79.5,67.011719,13867500
4/26/2018,79.599998,80.900002,79.529999,80.860001,68.158081,14554400
4/27/2018,76.949997,78.650002,76.480003,77.790001,65.570335,16346800
4/30/2018,77.910004,78.559998,77.739998,77.75,65.536613,15028800
5/1/2018,77.260002,77.260002,75.980003,76.949997,64.862274,16231000
5/2/2018,76.449997,77.230003,76.300003,76.800003,64.735863,13883700
5/3/2018,76.389999,76.610001,75.400002,76.540001,64.516693,12243100
5/4/2018,76.129997,77.220001,75.940002,76.900002,64.820137,9887200
5/7/2018,77.739998,79.080002,77.400002,77.739998,65.528175,15071500
5/8/2018,77.800003,78.160004,76.370003,78.089996,65.823212,17430400
5/9/2018,78.980003,80.239998,78.949997,79.93,67.374168,17142100
5/10/2018,80.639999,81.790001,80.5,81.720001,68.882996,17710300
5/11/2018,81.18,81.970001,80.910004,81.279999,69.206528,14751000
5/14/2018,81.699997,82.32,81.610001,81.830002,69.67485,11852100
5/15/2018,81.849998,82.029999,81.400002,81.790001,69.640785,12595700
5/16/2018,81.760002,82.050003,81.169998,82.019997,69.836617,9570000
5/17/2018,82.199997,82.279999,81.440002,81.879997,69.7174,11224100
5/18/2018,81.550003,81.800003,81.260002,81.300003,69.223572,10030900
5/21/2018,81.730003,82.349998,81.519997,82.279999,70.058006,8822400
5/22/2018,82.440002,82.650002,81.349998,81.639999,69.513069,10753400
5/23/2018,80.949997,82.230003,80.57,82.150002,69.947304,15140900
5/24/2018,81.349998,81.360001,79.949997,80.269997,68.346565,13360500
5/25/2018,79.279999,79.330002,78.089996,78.709999,67.018288,14562000
5/29/2018,78.150002,78.730003,77.529999,78.419998,66.771362,14644800
5/30/2018,79.25,81.660004,79.220001,81.5,69.393867,16627500
5/31/2018,80.809998,81.550003,80.690002,81.239998,69.172485,15803100
6/1/2018,81.870003,82.349998,81.550003,81.830002,69.67485,9906100
6/4/2018,82.050003,82.529999,80.809998,80.970001,68.942589,10954700
6/5/2018,80.589996,81.650002,80.410004,80.68,68.695671,12059300
6/6/2018,81.480003,82.089996,80.870003,82.059998,69.870682,11603300
6/7/2018,82.730003,83.290001,82.559998,82.879997,70.568886,13502500
6/8/2018,83.110001,83.660004,82.5,83.599998,71.181931,14350400
6/11/2018,83.720001,83.790001,82.93,83.099998,70.756195,10831600
6/12/2018,83.110001,83.75,82.32,82.419998,70.177216,12351800
6/13/2018,82.440002,82.599998,81.470001,81.510002,69.402374,12049300
6/14/2018,81.940002,82.300003,81.5,81.889999,69.725937,11477300
6/15/2018,81.720001,81.82,80.510002,80.660004,68.678642,23797500
6/18/2018,80.400002,81.379997,80.300003,80.82,68.814865,9192600
6/19/2018,79.889999,80.959999,79.709999,80.699997,68.7127,8759700
6/20/2018,80.849998,81.129997,80.269997,80.449997,68.499825,8917700
6/21/2018,80.019997,80.379997,79.330002,79.690002,67.852722,10990700
6/22/2018,81.160004,81.940002,80.919998,81.379997,69.291687,16012200
6/25/2018,80.779999,81.239998,79.300003,79.739998,67.895302,10557200
6/26/2018,80.150002,81.010002,79.970001,80.639999,68.661598,10382800
6/27/2018,81.059998,82.480003,81.059998,81.709999,69.572662,12725900
6/28/2018,81.730003,82.07,81.029999,81.970001,69.794044,9390700
6/29/2018,82.449997,83.540001,82.290001,82.730003,70.441162,17323200
7/2/2018,81.889999,82.129997,81.32,81.760002,69.61525,9998300
7/3/2018,82.580002,83.449997,82.080002,82.239998,70.023941,7197300
7/5/2018,82.589996,82.769997,82.050003,82.309998,70.083534,9035700
7/6/2018,81.959999,82.699997,81.660004,82.330002,70.100586,7637100
7/9/2018,82.809998,83.129997,82.559998,82.900002,70.585907,7158600
7/10/2018,83.699997,84.120003,83.510002,83.660004,71.233032,8806200
7/11/2018,83.029999,83.529999,82.029999,82.589996,70.321945,10405300
7/12/2018,83.010002,83.239998,82.309998,82.690002,70.407097,9762200
7/13/2018,82.68,83.75,82.559998,83.309998,70.934998,8720000
7/16/2018,82.519997,82.790001,82,82.489998,70.236809,8306900
7/17/2018,82.260002,82.75,82.040001,82.309998,70.083534,7373300
7/18/2018,81.800003,82.32,81.489998,82.220001,70.006912,8711900
7/19/2018,82.199997,82.620003,81.720001,82.010002,69.828094,8659100
7/20/2018,81.720001,81.93,81.25,81.400002,69.308731,9196300
7/23/2018,81.949997,82,81.18,81.400002,69.308731,8425900
7/24/2018,81.519997,83.019997,81.480003,83.010002,70.679565,11121000
7/25/2018,83.010002,83.739998,82.510002,83.589996,71.173416,9523600
7/26/2018,83.830002,84.400002,83.370003,84.239998,71.726852,13210100
7/27/2018,80.970001,82.379997,80.809998,81.919998,69.75148,18220800
7/30/2018,82.129997,82.129997,80.709999,81.739998,69.598213,11282800
7/31/2018,81.639999,82.150002,81.440002,81.510002,69.402374,11716800
8/1/2018,80.889999,80.93,80.220001,80.389999,68.448746,8936300
8/2/2018,79.889999,80.260002,79.449997,79.910004,68.040047,8364300
8/3/2018,79.970001,80.300003,79.629997,80.199997,68.286957,7811100
8/6/2018,80.25,80.43,79.739998,80.18,68.269936,10041800
8/7/2018,80.910004,81.589996,80.309998,81.269997,69.198021,10698100
8/8/2018,81.019997,81.230003,80.349998,80.730003,68.738251,7275000
8/9/2018,80.730003,80.910004,80.110001,80.32,68.389137,9828500
8/10/2018,79.510002,79.519997,78.860001,79.419998,68.32032,12954300
8/13/2018,79.449997,79.75,78.43,78.559998,67.580505,10308500
8/14/2018,78.989998,79.07,78.080002,78.309998,67.365456,8005900
8/15/2018,77.779999,77.900002,76.510002,76.940002,66.18692,16307800
8/16/2018,77.279999,78.099998,77.199997,78,67.098778,11519900
8/17/2018,78.339996,78.489998,77.800003,78.260002,67.322441,10178400
8/20/2018,78.260002,79,78.169998,78.809998,67.795578,8152100
8/21/2018,79.050003,79.580002,78.669998,78.830002,67.812782,9192200
8/22/2018,79.110001,80.050003,79.019997,79.959999,68.784851,10098200
8/23/2018,79.559998,79.629997,78.900002,79.080002,68.027832,7203900
8/24/2018,79.519997,80.050003,79.419998,79.620003,68.492363,6545200
8/27/2018,79.910004,80.470001,79.860001,80.400002,69.163361,6671900
8/28/2018,80.580002,80.82,80.199997,80.279999,69.060127,8823400
8/29/2018,80.440002,81.040001,80.099998,80.860001,69.559059,8004800
8/30/2018,80.449997,80.779999,80.120003,80.510002,69.257988,7450900
8/31/2018,80.239998,80.459999,79.769997,80.169998,68.965508,10700000
9/4/2018,80.410004,80.690002,79.809998,80.290001,69.068733,8855000
9/5/2018,79.900002,81.43,79.599998,81.360001,69.989189,13878400
9/6/2018,81.110001,81.639999,80.339996,80.459999,69.214973,13320600
9/7/2018,80.150002,81.93,79.82,81.830002,70.393501,16417800
9/10/2018,82.239998,82.739998,81.660004,81.709999,70.290276,10817900
9/11/2018,81.959999,83.190002,81.629997,82.860001,71.279556,11891900
9/12/2018,83.25,83.779999,82.870003,83.129997,71.511826,11556300
9/13/2018,83.150002,83.25,82.010002,82.32,70.815018,11162700
9/14/2018,82.419998,83.150002,82.269997,82.919998,71.331169,9442600
9/17/2018,83,83.610001,82.989998,83.410004,71.752678,8403300
9/18/2018,83.900002,84.129997,83.449997,83.629997,71.94194,9219900
9/19/2018,83.639999,84.769997,83.639999,84.629997,72.802185,10413600
9/20/2018,84.860001,85.339996,84.540001,84.82,72.965614,11198200
9/21/2018,85.010002,85.43,84.519997,85.169998,73.266708,26639400
9/24/2018,85.790001,87.089996,85.720001,86.599998,74.496841,13549500
9/25/2018,87.029999,87.360001,86.370003,86.5,74.41082,12200700
9/26/2018,86.019997,86.5,85.690002,85.779999,73.791458,10275500
9/27/2018,86.089996,86.379997,85.589996,85.769997,73.782845,7895400
9/28/2018,85.25,85.93,84.989998,85.019997,73.13768,9884900
10/1/2018,85.349998,86.029999,85.260002,85.809998,73.817261,8566900
10/2/2018,85.800003,86.669998,85.620003,86.459999,74.376404,8453100
10/3/2018,86.510002,86.889999,85.980003,86.150002,74.109741,10206700
10/4/2018,85.5,86.080002,85.25,85.580002,73.6194,10204600
10/5/2018,85.309998,85.699997,84.93,85.339996,73.412941,9217400
10/8/2018,84.790001,86.309998,84.650002,86.129997,74.092537,13242400
10/9/2018,86.379997,86.879997,85.739998,86.510002,74.419426,10177900
10/10/2018,86.730003,86.82,84.5,84.519997,72.707558,16573400
10/11/2018,83.940002,84.169998,81.169998,81.599998,70.195648,20320100
10/12/2018,82.129997,82.239998,80.269997,81.379997,70.006393,15216300
10/15/2018,81.379997,81.739998,80.82,80.82,69.524666,10558800
10/16/2018,80.510002,81.269997,80.010002,81.199997,69.85154,9781800
10/17/2018,80.940002,81.519997,80.339996,81.5,70.109634,12247700
10/18/2018,81.199997,82.470001,81.199997,81.849998,70.410713,17448600
10/19/2018,81.660004,82.459999,81.510002,81.970001,70.513931,12098700
10/22/2018,82,82.18,80.639999,81.150002,69.808525,9474100
10/23/2018,80.059998,80.459999,78.720001,79.839996,68.68161,15465100
10/24/2018,80.129997,80.260002,77.550003,77.620003,66.771889,16085700
10/25/2018,78.489998,79.050003,77.739998,78.309998,67.365456,12315500
10/26/2018,77.870003,78.410004,76.959999,77.529999,66.694473,18160100
10/29/2018,78.07,78.43,76.220001,77.050003,66.281555,15707000
10/30/2018,77.620003,79.029999,77.419998,78.779999,67.769768,17758200
10/31/2018,79.339996,80.349998,78.900002,79.68,68.543976,16629100
11/1/2018,79.830002,80.75,79.300003,80.669998,69.395622,14159300
11/2/2018,81.760002,82.449997,80.230003,81.949997,70.496735,19350400
11/5/2018,82.5,82.870003,81.440002,81.639999,70.230049,15815000
11/6/2018,81.739998,82.099998,81.349998,81.989998,70.531136,9063200
11/7/2018,82.209999,83.139999,81.660004,83.029999,71.425797,12699800
11/8/2018,83.129997,83.75,81.540001,81.709999,70.290276,16865500
11/9/2018,80.260002,81.400002,79.690002,80.870003,70.272896,15070100
11/12/2018,81.660004,81.730003,79.730003,79.830002,69.369186,11906600
11/13/2018,79.800003,79.849998,77.639999,78,67.778984,15530200
11/14/2018,78.860001,79.089996,76.75,77.389999,67.248917,18552100
11/15/2018,76.669998,78.190002,75.910004,78.190002,67.944077,18976000
11/16/2018,78.370003,79.190002,78.099998,78.959999,68.613174,13704900
11/19/2018,78.459999,79.360001,78.43,79.220001,68.839096,9430800
11/20/2018,78.419998,78.900002,76.370003,76.970001,66.883949,15533700
11/21/2018,77.43,78.379997,77.260002,77.559998,67.396629,9685300
11/23/2018,76.050003,76.199997,74.699997,75.489998,65.597885,10875400
11/26/2018,76.239998,77.32,76.120003,76.980003,66.892632,13741100
11/27/2018,76.57,77.449997,76.400002,77.050003,66.953461,10344500
11/28/2018,77.040001,78.449997,76.839996,78.449997,68.170006,11482100
11/29/2018,78.220001,79.529999,78.190002,79.059998,68.700081,10255200
11/30/2018,78.449997,79.599998,78.32,79.5,69.08242,14040100
12/3/2018,80.239998,81.459999,80.139999,81.220001,70.577042,19415100
12/4/2018,81.379997,81.949997,79.349998,79.43,69.021599,18540700
12/6/2018,78,78.440002,76.919998,78.389999,68.117874,23218100
12/7/2018,79.389999,80.360001,77.330002,77.639999,67.466148,16224700
12/10/2018,77.860001,77.860001,74.800003,76.540001,66.510292,17946200
12/11/2018,77.699997,77.800003,75.68,76.68,66.631958,15742400
12/12/2018,78.040001,78.199997,76.019997,76.019997,66.058426,14559800
12/13/2018,76.029999,77.220001,75.949997,76.980003,66.892632,13749700
12/14/2018,76.720001,76.870003,75.089996,75.580002,65.676086,12669300
12/17/2018,75.260002,75.599998,73.480003,74.040001,64.337891,15464100
12/18/2018,73.629997,73.860001,71.620003,72,62.565216,18681200
12/19/2018,72.449997,73.269997,70.300003,70.779999,61.505074,21679600
12/20/2018,70.089996,70.660004,68.050003,68.629997,59.63681,28723700
12/21/2018,68.139999,70.370003,67.669998,68.120003,59.193642,47287300
12/24/2018,66.870003,67.529999,65.440002,65.510002,56.925652,14262800
12/26/2018,66.18,68.660004,64.650002,68.639999,59.6455,24887700
12/27/2018,67.739998,68.940002,66.080002,68.940002,59.906185,22077000
12/28/2018,69.18,69.580002,67.82,68.169998,59.237076,19710600
12/31/2018,68.32,69.150002,67.660004,68.190002,59.254467,15807000
1/2/2019,67.349998,69.870003,67.260002,69.690002,60.557911,16727200
1/3/2019,70,70.25,68.360001,68.620003,59.628124,13866100
1/4/2019,69.639999,71.269997,69.360001,71.150002,61.826595,16043600
1/7/2019,71.25,72.099998,70.739998,71.519997,62.148109,10844200
1/8/2019,72.540001,72.589996,71.940002,72.040001,62.599968,11439000
1/9/2019,72.599998,72.599998,71.650002,72.419998,62.930176,13473500
1/10/2019,72.07,72.080002,71.120003,72.050003,62.608669,13151100
1/11/2019,71.849998,71.889999,71.07,71.720001,62.321911,9790100
1/14/2019,71.209999,71.779999,71.120003,71.629997,62.243698,11012400
1/15/2019,71.949997,72.360001,71.32,71.669998,62.278454,10298300
1/16/2019,71.419998,72.379997,71.309998,71.639999,62.252384,12595600
1/17/2019,71.190002,72.339996,70.900002,72.129997,62.678165,10141700
1/18/2019,73.269997,73.290001,72.129997,72.989998,63.42548,15759200
1/22/2019,72.389999,72.709999,71.68,71.889999,62.469616,15035600
1/23/2019,72.010002,72.300003,70.93,71.300003,61.956932,13187200
1/24/2019,71.099998,71.970001,70.639999,71.400002,62.043831,11272500
1/25/2019,72.07,72.269997,71.540001,71.720001,62.321911,8996200
1/28/2019,71.019997,71.279999,70.370003,71.239998,61.9048,13678400
1/29/2019,71.699997,72.190002,71.480003,71.510002,62.13942,10513200
1/30/2019,71.769997,72.57,71.510002,72.290001,62.817215,11524700
1/31/2019,72.290001,73.489998,72.019997,73.279999,63.677479,19876700
2/1/2019,74.919998,76.489998,74.32,75.919998,65.971535,22968700
2/4/2019,75.760002,75.760002,74.400002,74.82,65.015686,15483800
2/5/2019,75.18,75.639999,75.010002,75.589996,65.684784,12786700
2/6/2019,75.580002,75.769997,75.129997,75.260002,65.398026,10866900
2/7/2019,74.949997,75.190002,73.900002,74.68,64.89402,14418900
2/8/2019,73.760002,74.07,72.730003,73.980003,64.999466,11959500
2/11/2019,73.879997,74.220001,73.400002,74.099998,65.104897,10434800
2/12/2019,75.080002,75.449997,74.82,75.400002,66.247093,12599200
2/13/2019,75.580002,76.540001,75.510002,76.25,66.993889,13214600
2/14/2019,76.260002,76.650002,75.709999,76.269997,67.011475,12772900
2/15/2019,76.940002,77.760002,76.75,77.709999,68.276672,14330300
2/19/2019,77.559998,78.480003,77.449997,78.230003,68.733543,13551500
2/20/2019,78.300003,78.809998,78,78.529999,68.997131,12633100
2/21/2019,78.209999,78.660004,77.610001,77.82,68.373329,10266000
2/22/2019,78.709999,78.949997,77.620003,78.419998,68.900482,9519300
2/25/2019,78.43,78.849998,78.199997,78.5,68.970779,9274400
2/26/2019,78.68,79.129997,78.389999,78.660004,69.111351,10990600
2/27/2019,78.879997,79.75,78.660004,79.470001,69.823021,12398200
2/28/2019,79.449997,79.75,78.709999,79.029999,69.436424,14597900
3/1/2019,79.379997,80,79.029999,80,70.288681,15419400
3/4/2019,80.239998,80.550003,79.010002,80.309998,70.56105,18089900
3/5/2019,80.120003,80.400002,79.75,80.190002,70.45562,13745500
3/6/2019,78.849998,79.379997,77.860001,79.279999,69.656082,18633600
3/7/2019,79.550003,80.260002,79.32,80.160004,70.42926,16541700
3/8/2019,78.889999,79.32,78.25,79.010002,69.418854,16211300
3/11/2019,79.980003,80.290001,79.650002,79.779999,70.09539,11060900
3/12/2019,80.110001,80.580002,79.889999,80,70.288681,11320000
3/13/2019,80.589996,80.760002,80.199997,80.709999,70.912498,10260200
3/14/2019,80.800003,80.910004,80.349998,80.440002,70.675262,9976700
3/15/2019,80.18,80.550003,80.099998,80.150002,70.420471,25316400
3/18/2019,80.440002,81.25,80.440002,81.080002,71.237579,9840600
3/19/2019,81.580002,82,80.639999,80.870003,71.053078,13936500
3/20/2019,80.75,81.919998,80.559998,81.32,71.448441,13133600
3/21/2019,80.809998,81.889999,80.800003,81.790001,71.861397,10117000
3/22/2019,81.230003,81.440002,80.300003,80.480003,70.710419,12497700
3/25/2019,80,80.440002,79.589996,79.919998,70.218391,11320400
3/26/2019,80.330002,81.269997,80.18,80.959999,71.132141,9472800
3/27/2019,80.970001,81.309998,79.82,80.339996,70.587395,7258700
3/28/2019,80.029999,80.790001,80.019997,80.739998,70.938843,7412300
3/29/2019,81.330002,81.480003,80.480003,80.800003,70.99157,10889200
4/1/2019,81.230003,81.779999,81.080002,81.730003,71.80867,10816400
4/2/2019,81.75,81.949997,81.110001,81.379997,71.501167,7646000
4/3/2019,81.769997,81.769997,80.610001,80.900002,71.07943,8562900
4/4/2019,81.120003,82.080002,80.769997,82.050003,72.089836,9360600
4/5/2019,82.150002,82.529999,81.949997,82.489998,72.47641,10059100
4/8/2019,82.669998,83.199997,82.589996,83,72.9245,9108200
4/9/2019,82.519997,82.580002,81.739998,81.93,71.984413,8561600
4/10/2019,81.919998,82.080002,81.410004,81.559998,71.659309,10324300
4/11/2019,81.540001,82.07,81.019997,81.949997,72.001968,9115100
4/12/2019,82.809998,82.809998,80.580002,80.919998,71.097,16638700
4/15/2019,80.889999,81.059998,80.519997,80.650002,70.859787,8536100
4/16/2019,80.809998,81.349998,80.690002,81.199997,71.34301,7005700
4/17/2019,81.550003,81.699997,81.080002,81.43,71.545097,8311400
4/18/2019,81.559998,81.830002,81.07,81.129997,71.281509,9493900
4/22/2019,81.870003,83.220001,81.639999,82.900002,72.836647,10770600
4/23/2019,83.190002,83.489998,82.68,83.379997,73.258369,10595100
4/24/2019,83.010002,83.080002,81.730003,81.760002,71.835037,11684000
4/25/2019,81.650002,82.839996,81.400002,82.220001,72.239197,11135000
4/26/2019,80.269997,80.629997,79.559998,80.489998,70.7192,18053500
4/29/2019,80.120003,80.379997,79.660004,79.970001,70.262329,10023700
4/30/2019,80.370003,80.529999,79.93,80.279999,70.534691,13721500
5/1/2019,79.940002,80.260002,78.620003,78.669998,69.120125,13909800
5/2/2019,78.279999,78.5,77.239998,77.290001,67.907654,15360400
5/3/2019,77.790001,78.209999,77.440002,77.470001,68.065796,12180700
5/6/2019,76.919998,77.660004,76.709999,77.129997,67.767075,13367100
5/7/2019,76.5,76.790001,75.769997,76.720001,67.406845,13498800
5/8/2019,76.540001,77.290001,76.419998,76.839996,67.512283,11352900
5/9/2019,76.349998,76.879997,75.959999,76.769997,67.450768,13221600
5/10/2019,76.18,76.790001,75.169998,76.559998,68.0373,11056000
5/13/2019,75.650002,76.230003,75.360001,75.709999,67.281929,12176100
5/14/2019,76.129997,76.800003,75.760002,75.809998,67.370796,10548400
5/15/2019,75.57,76.550003,75.209999,76.370003,67.868454,8918000
5/16/2019,76.400002,76.949997,76.220001,76.360001,67.859573,8105200
5/17/2019,75.650002,76.300003,75.589996,75.910004,67.459671,9279400
5/20/2019,76.050003,76.360001,75.669998,75.900002,67.450775,7154300
5/21/2019,76.269997,76.459999,75.93,76.25,67.76181,8489900
5/22/2019,76.019997,76.220001,75.389999,75.559998,67.148636,7858300
5/23/2019,74.769997,74.800003,73.040001,73.790001,65.575668,14657200
5/24/2019,74.139999,74.25,73.440002,74.099998,65.851158,7056400
5/28/2019,74.239998,74.25,72.489998,72.610001,64.527016,14912900
5/29/2019,71.889999,72.43,71.620003,72.160004,64.127121,13645200
5/30/2019,72.019997,72.129997,71.529999,71.970001,63.958279,9362100
5/31/2019,71.190002,71.550003,70.629997,70.769997,62.891853,13983300
6/3/2019,71.089996,72.010002,70.970001,71.879997,63.878284,11831000
6/4/2019,72.449997,73.660004,72.169998,73.589996,65.397926,10423000
6/5/2019,73.639999,73.639999,72.580002,72.980003,64.855843,10617800
6/6/2019,73.709999,74.620003,73.589996,74.309998,66.037781,11738900
6/7/2019,74.510002,74.959999,74.43,74.580002,66.277718,9095500
6/10/2019,75.190002,75.330002,74.449997,74.910004,66.570992,7760400
6/11/2019,75.510002,75.809998,74.82,74.839996,66.508781,9415100
6/12/2019,74.480003,74.610001,73.809998,74.029999,65.788948,7920800
6/13/2019,74.699997,75.169998,74.379997,74.68,66.366585,8986400
6/14/2019,74.68,74.809998,74.230003,74.349998,66.073326,8575900
6/17/2019,74.160004,75.190002,74.040001,75.089996,66.730942,9355700
6/18/2019,75.419998,76.220001,75.349998,75.739998,67.308594,10091500
6/19/2019,75.400002,75.849998,75.169998,75.32,66.935333,9757400
6/20/2019,76.239998,76.970001,76.080002,76.610001,68.081741,16229700
6/21/2019,77.139999,77.760002,76.870003,77.690002,69.041519,23108100
6/24/2019,77.529999,77.760002,76.809998,76.949997,68.383881,10011800
6/25/2019,77.080002,77.220001,76.190002,76.269997,67.779594,9740000
6/26/2019,76.68,77.129997,76.470001,76.599998,68.072861,11365500
6/27/2019,76.589996,76.75,75.760002,75.82,67.379684,8147800
6/28/2019,76.190002,76.730003,75.940002,76.629997,68.09951,14781300
7/1/2019,77.129997,77.93,76.290001,76.559998,68.0373,11437900
7/2/2019,76.139999,76.269997,75.410004,75.720001,67.29081,10475400
7/3/2019,75.82,76.5,75.629997,76.440002,67.930664,5246100
7/5/2019,76.190002,76.349998,75.589996,76.129997,67.655174,6880800
7/8/2019,76.139999,76.699997,75.919998,76.480003,67.966217,7876100
7/9/2019,76.449997,76.769997,75.730003,76.43,67.921776,7863000
7/10/2019,76.800003,77.629997,76.739998,77.510002,68.881561,8077400
7/11/2019,77.410004,77.610001,77.050003,77.57,68.934875,6404000
7/12/2019,77.75,77.879997,77.5,77.629997,68.98819,6139000
7/15/2019,77.629997,77.739998,76.889999,77.080002,68.499413,7116400
7/16/2019,76.919998,77.07,75.790001,75.93,67.477432,10197400
7/17/2019,75.739998,75.959999,75.349998,75.480003,67.07753,7419300
7/18/2019,75.029999,75.269997,74.18,74.839996,66.508781,11424500
7/19/2019,74.900002,75.25,74.540001,74.989998,66.64209,11243100
7/22/2019,75.239998,75.300003,74.5,75.07,66.713173,8368800
7/23/2019,75.150002,75.769997,74.75,75.370003,66.97979,8551200
7/24/2019,75.389999,76.050003,74.849998,75.360001,66.970894,8260200
7/25/2019,75.779999,75.779999,74.800003,74.93,66.588753,9083900
7/26/2019,74.870003,75.080002,74.599998,74.809998,66.482117,7677300
7/29/2019,74.879997,75.379997,74.699997,75.339996,66.953125,7091900
7/30/2019,75.059998,75.559998,74.889999,75.349998,66.962006,6961200
7/31/2019,75.040001,75.660004,74.260002,74.360001,66.082207,13104600
8/1/2019,73.739998,74.269997,72.269997,72.459999,64.393723,17132800
8/2/2019,72.610001,73.260002,71.18,71.75,63.762764,21376700
8/5/2019,70.779999,70.919998,69.610001,70.279999,62.456394,19080900
8/6/2019,70.290001,71.010002,70.279999,70.959999,63.060699,12282400
8/7/2019,69.860001,70.879997,69.400002,70.5,62.651913,15231100
8/8/2019,70.849998,72.410004,70.620003,72.379997,64.322617,14304100
8/9/2019,72.129997,72.25,70.470001,70.839996,62.954056,13686600
8/12/2019,70.059998,70.160004,69.330002,69.629997,62.648151,9542600
8/13/2019,69.269997,70.620003,68.919998,70.489998,63.421909,12403300
8/14/2019,69.07,69.089996,67.650002,67.650002,60.866684,18114400
8/15/2019,67.459999,67.559998,66.529999,67.25,60.50679,12874400
8/16/2019,67.779999,68.459999,67.269997,68.300003,61.451511,12649000
8/19/2019,68.970001,69.650002,68.860001,69.449997,62.486195,10032800
8/20/2019,69.300003,69.300003,68.709999,69.029999,62.108315,9743500
8/21/2019,69.959999,69.980003,69.370003,69.720001,62.72913,10134200
8/22/2019,69.910004,69.959999,69.25,69.57,62.594166,8972000
8/23/2019,68.82,69.529999,67.029999,67.489998,60.722736,15371900
8/26/2019,68.120003,68.260002,67.529999,67.849998,61.046635,7343900
8/27/2019,68.129997,68.440002,66.970001,67.190002,60.452812,9490900
8/28/2019,67.529999,67.980003,67.160004,67.68,60.893684,9647400
8/29/2019,68.300003,68.669998,68.089996,68.43,61.56847,9004100
8/30/2019,68.610001,69.080002,68.059998,68.480003,61.613457,9180800
9/3/2019,67.889999,68.68,67.629997,68.559998,61.685444,9849700
9/4/2019,69.5,69.610001,69.089996,69.290001,62.342255,6959200
9/5/2019,69.839996,70.550003,69.699997,70.269997,63.223972,9901500
9/6/2019,70.349998,70.949997,70.120003,70.93,63.817802,10418500
9/9/2019,71.160004,72.07,70.980003,71.489998,64.321648,12840200
9/10/2019,72.139999,72.849998,71.620003,72.07,64.843491,13810800
9/11/2019,72.779999,72.839996,71.550003,71.93,64.717537,10525700
9/12/2019,70.980003,72.160004,70.699997,71.980003,64.76252,9100700
9/13/2019,72.260002,72.720001,72.059998,72.639999,65.356339,7337200
9/16/2019,75.040001,75.18,73.599998,73.730003,66.337036,19830200
9/17/2019,73.82,74.080002,72.629997,73.169998,65.833206,14452200
9/18/2019,72.650002,72.970001,72.330002,72.82,65.51828,7292200
9/19/2019,72.970001,73.190002,72.190002,72.330002,65.077423,8050200
9/20/2019,72.489998,72.5,71.860001,72.080002,64.852486,19736600
9/23/2019,71.519997,72.360001,71.459999,72.129997,64.897476,7495200
9/24/2019,71.809998,71.870003,70.82,71.139999,64.006752,13307100
9/25/2019,70.980003,71.470001,70.82,71.349998,64.195686,8035200
9/26/2019,71.220001,71.349998,70.68,70.970001,63.85379,8420200
9/27/2019,70.699997,71.669998,70.629997,71.480003,64.312653,8224000
9/30/2019,71.239998,71.449997,70.580002,70.610001,63.529888,9768900
10/1/2019,70.830002,70.910004,68.910004,68.949997,62.036327,10279100
10/2/2019,68.269997,68.589996,67.010002,67.150002,60.416817,14503700
10/3/2019,67,68,66.309998,67.980003,61.163597,10788400
10/4/2019,68.110001,69.07,67.82,68.970001,62.054333,10534800
10/7/2019,68.699997,69.029999,68.019997,68.019997,61.199589,10993000
10/8/2019,67.540001,67.919998,66.639999,66.699997,60.011936,9748700
10/9/2019,67.300003,67.699997,67.199997,67.440002,60.677742,8580900
10/10/2019,67.43,68.360001,67.379997,68.25,61.406532,7100100
10/11/2019,68.980003,69.489998,68.889999,68.980003,62.063332,10101900
10/14/2019,68.599998,69.370003,68.589996,69.18,62.243275,6234600
10/15/2019,69.059998,70,69.010002,69.419998,62.459209,6645700
10/16/2019,69.209999,69.529999,68.209999,68.230003,61.388535,9765800
10/17/2019,68.480003,68.879997,68.080002,68.139999,61.307556,9757200
10/18/2019,67.870003,68.150002,67.610001,67.610001,60.830704,13472700
10/21/2019,67.82,68.769997,67.82,68.739998,61.847389,10199300
10/22/2019,68.779999,69.760002,68.650002,69.089996,62.1623,9536000
10/23/2019,68.959999,69.760002,68.779999,69.75,62.756119,8641800
10/24/2019,69.959999,70.050003,69.019997,69.089996,62.1623,9003600
10/25/2019,68.900002,69.480003,68.900002,69.25,62.306255,7607200
10/28/2019,69.459999,69.669998,68.580002,68.639999,61.75742,11209600
10/29/2019,68.480003,69.029999,68.239998,68.440002,61.577477,13894400
10/30/2019,68.370003,68.370003,67.269997,67.720001,60.929665,12840600
10/31/2019,67.459999,67.720001,67.139999,67.57,60.794708,16169100
11/1/2019,68.389999,69.610001,68.309998,69.599998,62.621155,14108700
11/4/2019,70.07,71.870003,69.940002,71.669998,64.483589,15858200
11/5/2019,72.040001,73.120003,71.849998,73.089996,65.7612,14930400
11/6/2019,72.730003,72.870003,71.199997,71.489998,64.321648,13996500
11/7/2019,72.029999,73.029999,72,73.010002,65.689247,13073800
11/8/2019,71.610001,71.800003,70.660004,70.769997,64.441734,12106000
11/11/2019,70.209999,70.610001,69.970001,70.339996,64.050194,8674000
11/12/2019,70.269997,70.410004,68.980003,69.370003,63.166924,13918600
11/13/2019,69.019997,69.150002,68.599998,68.800003,62.647907,11773700
11/14/2019,68.860001,68.970001,68.18,68.5,62.374725,11279800
11/15/2019,68.709999,69.300003,68.669998,69.190002,63.003025,11252800
11/18/2019,68.699997,68.82,68.300003,68.519997,62.392933,10095600
11/19/2019,68.400002,68.559998,67.779999,67.82,61.755535,12605500
11/20/2019,67.669998,68.540001,67.32,68.029999,61.946743,16930700
11/21/2019,68.019997,69.75,67.919998,69.669998,63.440102,14080900
11/22/2019,69.709999,70.18,69.330002,69.370003,63.166924,12143600
11/25/2019,69.370003,69.440002,68.709999,68.910004,62.748066,10670000
11/26/2019,68.919998,69.040001,68.440002,68.739998,62.593254,15457000
11/27/2019,68.760002,69.089996,68.410004,68.699997,62.556835,8393900
11/29/2019,68.330002,68.529999,68,68.129997,62.037807,7980800
12/2/2019,68.5,68.879997,68.370003,68.419998,62.301876,11116900
12/3/2019,68,68.25,67.519997,67.879997,61.810158,12245800
12/4/2019,68.25,68.760002,68.139999,68.650002,62.511318,11049700
12/5/2019,68.889999,68.970001,68.209999,68.410004,62.29277,13109000
12/6/2019,68.760002,69.870003,68.760002,69.510002,63.294411,13710800
12/9/2019,69.080002,69.970001,69.019997,69.660004,63.431,12397700
12/10/2019,69.660004,70.150002,68.699997,69.059998,62.88464,14281800
12/11/2019,68.739998,69.760002,68.669998,68.959999,62.793591,13748400
12/12/2019,68.959999,70.379997,68.900002,70.339996,64.050194,17068500
12/13/2019,70.480003,70.540001,69.120003,69.230003,63.039452,12274500
12/16/2019,69.699997,70.25,69.699997,70,63.740593,15208700
12/17/2019,69.980003,70.379997,69.309998,69.68,63.449207,14450700
12/18/2019,69.629997,70.290001,69.279999,69.870003,63.622219,13652300
12/19/2019,69.989998,70.050003,69.239998,69.389999,63.185139,13273200
12/20/2019,69.860001,70.230003,69.389999,69.940002,63.685963,35092000
12/23/2019,69.860001,70.300003,69.529999,70.290001,64.004662,14172500
12/24/2019,70.349998,70.5,69.910004,70.019997,63.758801,3979400
12/26/2019,70.190002,70.5,70.010002,70.129997,63.858959,8840200
12/27/2019,70.199997,70.309998,69.879997,69.889999,63.640423,10516100
12/30/2019,70.089996,70.440002,69.400002,69.480003,63.267101,12689400
12/31/2019,69.019997,69.800003,69.010002,69.779999,63.540272,13151800
1/2/2020,70.239998,71.019997,70.239998,70.900002,64.56012,12456400
1/3/2020,71.339996,71.370003,70.160004,70.330002,64.041092,17386900
1/6/2020,70.32,71.360001,70.230003,70.870003,64.532799,20081900
1/7/2020,70.5,70.519997,69.510002,70.290001,64.004662,17387700
1/8/2020,70.110001,70.290001,69.169998,69.230003,63.039452,15137700
1/9/2020,69.139999,69.900002,68.629997,69.760002,63.522057,14811800
1/10/2020,69.93,69.959999,69.120003,69.139999,62.957493,11995600
1/13/2020,69.199997,69.870003,69.110001,69.800003,63.558472,9953900
1/14/2020,69.379997,69.580002,68.889999,69.199997,63.012127,16261000
1/15/2020,69.199997,69.589996,68.889999,69.089996,62.911968,11390300
1/16/2020,69.300003,69.580002,68.800003,68.82,62.666107,13340300
1/17/2020,68.75,69.080002,68.290001,68.559998,62.429363,18144100
1/21/2020,68.379997,68.419998,67.510002,67.580002,61.536987,17982600
1/22/2020,67.559998,67.699997,67,67.190002,61.181866,17033100
1/23/2020,66.709999,66.93,66.050003,66.769997,60.799416,19605900
1/24/2020,66.540001,66.68,66.040001,66.32,60.389656,18238600
1/27/2020,65.419998,65.730003,64.699997,64.739998,58.950943,21231000
1/28/2020,65.110001,65.199997,64.629997,64.650002,58.868992,19664700
1/29/2020,65.029999,65.129997,63.900002,64.110001,58.377277,14202800
1/30/2020,63.779999,64.879997,63.43,64.790001,58.996475,18544700
1/31/2020,63.200001,63.200001,61.860001,62.119999,56.565224,34282900
2/3/2020,61.380001,61.419998,60.369999,60.73,55.299515,27397300
2/4/2020,61.450001,61.91,59.889999,59.970001,54.607475,31922100
2/5/2020,60.75,62.93,60.599998,62.73,57.120678,32099200
2/6/2020,62.93,63.009998,61.779999,61.880001,56.346684,16055400
2/7/2020,61.41,61.66,61.060001,61.470001,55.973351,15112500
2/10/2020,60.48,60.52,59.619999,59.959999,55.38221,20934500
2/11/2020,60.580002,60.889999,60.169998,60.529999,55.908691,14908700
2/12/2020,61.34,61.529999,60.560001,61.27,56.592194,17862100
2/13/2020,61.060001,61.419998,60.560001,60.93,56.278152,16949400
2/14/2020,61.150002,61.16,60.279999,60.650002,56.019531,10855300
2/18/2020,60.150002,60.389999,59.450001,59.880001,55.308319,18948500
2/19/2020,60.110001,60.619999,59.830002,60.34,55.7332,12804900
2/20/2020,60.23,60.540001,59.720001,59.860001,55.289845,14817200
2/21/2020,59.509998,59.509998,58.790001,59.130001,54.615578,20315700
2/24/2020,57.619999,57.799999,56.360001,56.360001,52.05706,32096600
2/25/2020,56.75,56.75,53.970001,54.200001,50.061974,36414500
2/26/2020,54.549999,54.82,52.93,53.009998,48.962822,29801000
2/27/2020,51.709999,52.439999,49.799999,49.82,46.016373,48141300
2/28/2020,48.77,51.439999,48.009998,51.439999,47.512688,62468400
3/2/2020,52.59,53.889999,51.130001,53.880001,49.766403,38127600
3/3/2020,53.950001,54.150002,50.98,51.299999,47.383381,50580700
3/4/2020,52.23,52.48,51.119999,52.419998,48.417866,24079600
3/5/2020,50.419998,50.700001,49.040001,50.110001,46.284233,40788200
3/6/2020,48.84,49.009998,47.200001,47.689999,44.048992,55640500
3/9/2020,41.709999,44.57,40.799999,41.860001,38.664101,72896300
3/10/2020,46.169998,46.259998,41.450001,43.41,40.095757,60445900
3/11/2020,42.389999,43.48,41.75,41.98,38.77494,51986100
3/12/2020,39.900002,40.650002,37,37.18,34.3414,65725300
3/13/2020,40.009998,40.139999,35,38.119999,35.209637,79891500
3/16/2020,34.400002,37.880001,33.25,34.490002,31.856783,48924700
3/17/2020,35.209999,37.380001,34.200001,36.810001,33.999653,41204400
3/18/2020,34.549999,36.709999,31.23,33.119999,30.591373,54036400
3/19/2020,33.73,34.900002,32.349998,34.43,31.801357,49412400
3/20/2020,34.84,35.18,31.559999,32.740002,30.240385,76534600
3/23/2020,32.529999,32.700001,30.110001,31.450001,29.048874,56952500
3/24/2020,34.419998,36.169998,33.330002,35.439999,32.734245,61835600
3/25/2020,36.509998,38.59,35.18,37.290001,34.443008,56607700
3/26/2020,37.5,39.560001,36.720001,38.82,35.856194,46722000
3/27/2020,37.130001,37.68,36.200001,36.950001,34.128963,51558600
3/30/2020,36.23,38.150002,35.860001,37.5,34.636978,45835000
3/31/2020,38.34,39.450001,37.369999,37.970001,35.071091,41491600
4/1/2020,36.860001,38.700001,36.34,37.529999,34.66468,36045900
4/2/2020,38.740002,41.959999,37.900002,40.400002,37.315567,62000200
4/3/2020,41.450001,42.18,38.52,39.209999,36.216415,48425700
4/6/2020,39.880001,40.830002,39.23,40.470001,37.380222,41301900
4/7/2020,42.900002,43.32,41.16,41.240002,38.091438,48921800
4/8/2020,41.950001,44.040001,41.470001,43.849998,40.502167,33355600
4/9/2020,45.459999,46.709999,41.740002,43.130001,39.837135,60208100
4/13/2020,44.450001,44.689999,41.970001,42.759998,39.49538,29651900
4/14/2020,43,43.75,41.91,42.43,39.190582,30769000
4/15/2020,41,41.060001,39.380001,40.48,37.389458,33125000
4/16/2020,40.48,40.48,38.93,39.150002,36.160999,30934000
4/17/2020,39.880001,43.32,39.869999,43.220001,39.920265,40829100
4/20/2020,40.75,42.740002,40.540001,41.18,38.036011,39260800
4/21/2020,40.400002,42.130001,39.630001,40.959999,37.832809,44381600
4/22/2020,42.599998,42.93,41.860001,42.130001,38.913486,27084700
4/23/2020,43.130001,44.66,42.810001,43.450001,40.132706,35271000
4/24/2020,44.400002,44.889999,43.130001,43.73,40.391331,28667000
4/27/2020,43.59,44.32,42.23,43.939999,40.585293,28274400
4/28/2020,44.369999,45.389999,44.110001,44.970001,41.536659,26545100
4/29/2020,46.259998,47.599998,46.16,47.459999,43.836552,29502500
4/30/2020,47.68,47.68,45.77,46.470001,42.922138,37076300
5/1/2020,45.630001,46.389999,43,43.139999,39.846371,35399300
5/4/2020,42.509998,44.939999,42.220001,44.880001,41.453529,27465600
5/5/2020,46.259998,47.150002,44.66,44.830002,41.407349,29276200
5/6/2020,44.93,45.27,43.900002,43.990002,40.631481,22659000
5/7/2020,44.959999,45.27,43.970001,44.240002,40.862392,22160300
5/8/2020,45.310001,46.220001,44.98,46.18,42.654278,19998700
5/11/2020,46.110001,46.200001,45.509998,45.740002,42.247871,22258000
5/12/2020,45.419998,45.669998,44.119999,44.119999,41.541698,25439100
5/13/2020,43.740002,43.869999,41.599998,41.93,39.479679,30827900
5/14/2020,41.07,42.549999,40.200001,42.299999,39.828056,24856500
5/15/2020,42.380001,43.009998,41.849998,42,39.545589,22445600
5/18/2020,44.400002,45.580002,44.060001,45.34,42.690403,32046100
5/19/2020,45.549999,46.630001,43.93,43.939999,41.372215,21771600
5/20/2020,44.619999,45.580002,44.57,45.369999,42.718647,19352400
5/21/2020,45.439999,45.790001,44.389999,44.560001,41.95599,19130700
5/22/2020,44.049999,44.669998,43.450001,44.599998,41.993649,15406400
5/26/2020,45.740002,46.299999,45.470001,45.91,43.227093,20356500
5/27/2020,46.66,47.139999,45.41,46.240002,43.537815,20788300
5/28/2020,46.43,46.459999,44.93,45.040001,42.40794,19698000
5/29/2020,44.82,45.689999,44.369999,45.470001,42.812809,25886200
6/1/2020,45.32,46.450001,44.799999,46.279999,43.575466,19031000
6/2/2020,46.860001,47.450001,46.75,47.310001,44.545284,22319000
6/3/2020,48,49.400002,47.950001,49.240002,46.362495,23418000
6/4/2020,48.880001,49.150002,48.16,49.099998,46.230675,18731400
6/5/2020,51.650002,53.450001,51.599998,53.080002,49.978092,41328900
6/8/2020,54.720001,55.360001,53.459999,54.740002,51.541084,33579400
6/9/2020,52.880001,53.970001,52.450001,53.52,50.39238,27276900
6/10/2020,53.5,53.5,50.599998,50.650002,47.690098,31156800
6/11/2020,47.529999,48.84,46.099998,46.18,43.481316,39183000
6/12/2020,48.040001,48.619999,45.91,47.169998,44.41346,30978100
6/15/2020,45.349998,47.759998,44.75,47.139999,44.385216,27929300
6/16/2020,49.57,49.75,47.240002,48.200001,45.383274,26203400
6/17/2020,48,48.130001,46.599998,46.630001,43.905018,19279400
6/18/2020,46.110001,47.330002,45.77,46.919998,44.17807,21478700
6/19/2020,48.220001,48.259998,45.98,45.98,43.293003,48899900
6/22/2020,45.689999,46.439999,45.400002,46.419998,43.707291,17565400
6/23/2020,46.900002,47.220001,46.5,46.700001,43.970928,18916600
6/24/2020,45.91,45.959999,44.25,44.5,41.89949,27626900
6/25/2020,44.049999,45.240002,43.689999,45.169998,42.530334,19353600
6/26/2020,44.880001,44.939999,43.5,43.619999,41.070915,31518600
6/29/2020,43.810001,44.580002,43.540001,44.32,41.730007,17052100
6/30/2020,43.43,44.970001,43.16,44.720001,42.106636,22153600
7/1/2020,44.490002,45.380001,43.669998,43.709999,41.155659,17290100
7/2/2020,44.619999,45.189999,43.93,44.080002,41.504036,18216600
7/6/2020,44.669998,45.080002,43.84,44.389999,41.795918,22692000
7/7/2020,43.900002,44,43.110001,43.240002,40.713127,17407600
7/8/2020,43.150002,43.93,42.84,43.139999,40.618969,18291400
7/9/2020,42.900002,43.099998,41.290001,41.360001,38.942989,25882000
7/10/2020,41.119999,42.709999,41.099998,42.650002,40.157604,18951000
7/13/2020,42.98,43.290001,42.23,42.66,40.167019,20028300
7/14/2020,42.529999,44.189999,42.259998,44.07,41.494621,21444100
7/15/2020,45.029999,45.09,44.209999,44.630001,42.021896,17332400
7/16/2020,44.310001,44.810001,43.790001,44.279999,41.692345,14673700
7/17/2020,44.330002,44.689999,43.389999,43.52,40.976761,17958900
7/20/2020,43.209999,43.509998,42.48,42.5,40.016365,18553900
7/21/2020,43.150002,45.189999,43.110001,44.650002,42.04073,28833600
7/22/2020,44.150002,44.150002,43.369999,43.610001,41.061501,21345400
7/23/2020,43.400002,43.82,43.02,43.700001,41.14624,17934400
7/24/2020,43.880001,44.419998,43.189999,43.43,40.892021,16415300
7/27/2020,43.23,44.09,42.970001,44.07,41.494621,18547900
7/28/2020,43.91,44.25,43.459999,43.549999,41.005009,19190500
7/29/2020,43.709999,44.09,43.34,44.029999,41.456959,14143200
7/30/2020,43.130001,43.18,41.830002,41.869999,39.423183,29901100
7/31/2020,41.16,42.169998,40.91,42.080002,39.620914,32123000
8/3/2020,42.049999,42.5,41.470001,42.25,39.780979,23033600
8/4/2020,42.34,43.599998,42.240002,43.470001,40.929684,17724000
8/5/2020,44.150002,44.310001,43.529999,43.849998,41.287476,17445800
8/6/2020,43.400002,43.900002,43.25,43.639999,41.089748,14434900
8/7/2020,43.23,43.52,42.810001,43.439999,40.901436,18757900
8/10/2020,43.990002,44.599998,43.599998,44.509998,41.908909,24367800
8/11/2020,45.5,46.419998,44.73,44.970001,42.342026,28987500
8/12/2020,44.459999,44.939999,43.630001,44.09,42.332424,22508900
8/13/2020,43.5,43.869999,42.919998,43.009998,41.295475,17338700
8/14/2020,42.599998,43.279999,42.41,43.200001,41.477905,13595700
8/17/2020,43.169998,43.169998,42.470001,42.639999,40.940224,15554600
8/18/2020,42.59,43.189999,42.290001,42.43,40.738598,13014000
8/19/2020,42.349998,42.66,41.869999,41.959999,40.287334,14473100
8/20/2020,41.689999,41.889999,41.299999,41.32,39.672848,15678500
8/21/2020,41.299999,41.34,40.709999,41.009998,39.375202,25517700
8/24/2020,41.279999,42.509998,41.09,42.220001,40.536972,18208900
8/25/2020,41.66,42.07,40.700001,40.880001,39.250389,31285600
8/26/2020,40.639999,40.84,40,40.009998,38.415066,26795000
8/27/2020,40,40.299999,39.310001,39.740002,38.15583,32034300
8/28/2020,39.84,40.919998,39.759998,40.689999,39.067959,33477100
8/31/2020,40.639999,40.720001,39.900002,39.939999,38.347858,25259600
9/1/2020,39.75,39.75,39.049999,39.43,37.858189,22478200
9/2/2020,39.23,39.720001,38.950001,39.189999,37.627754,26413400
9/3/2020,39.200001,40.029999,38.880001,39.110001,37.550945,28817200
9/4/2020,39.459999,39.790001,38.650002,39.080002,37.522141,24632500
9/8/2020,38.25,38.68,37.349998,38.18,36.65802,38496400
9/9/2020,38.349998,38.84,37.919998,37.950001,36.437187,25886100
9/10/2020,38.27,38.369999,36.900002,37,35.525055,34381200
9/11/2020,37.130001,37.310001,36.490002,36.900002,35.429043,26838600
9/14/2020,36.91,37.009998,36.490002,36.66,35.198612,26129900
9/15/2020,36.799999,37.380001,36.209999,36.27,34.824158,23724200
9/16/2020,36.459999,38.150002,36.27,37.810001,36.302765,30890900
9/17/2020,37.349998,37.98,36.970001,37.799999,36.293163,24696200
9/18/2020,37.529999,37.82,36.700001,37.189999,35.707481,46853800
9/21/2020,36.43,36.709999,35.68,36.43,34.977776,35351800
9/22/2020,36.459999,36.84,35.470001,35.529999,34.113655,27303200
9/23/2020,35.650002,35.790001,34.349998,34.389999,33.019096,31251400
9/24/2020,34.400002,34.82,33.759998,34.32,32.951889,26796000
9/25/2020,34,34.939999,33.880001,34.639999,33.259132,23486000
9/28/2020,35.139999,35.900002,35.099998,35.310001,33.902428,23396500
9/29/2020,35,35.110001,33.990002,34.279999,32.913483,20770500
9/30/2020,34.639999,34.919998,34.130001,34.330002,32.961494,22223700
10/1/2020,33.790001,34.099998,32.939999,33.130001,31.809328,36890200
10/2/2020,32.25,33.349998,32.209999,32.98,31.665308,32694300
10/5/2020,33.32,33.75,33.169998,33.740002,32.395012,22965200
10/6/2020,34.119999,34.419998,33.310001,33.389999,32.058964,26731800
10/7/2020,33.639999,33.740002,33.209999,33.5,32.164577,23779300
10/8/2020,33.880001,35.34,33.759998,35.259998,33.854416,34413700
10/9/2020,35.68,35.950001,34.650002,34.740002,33.355148,29228600
10/12/2020,34.540001,34.73,34.23,34.630001,33.249535,17912800
10/13/2020,34.73,34.869999,34.099998,34.220001,32.855881,20995100
10/14/2020,34.060001,34.830002,34.029999,34.150002,32.78867,17756500
10/15/2020,33.700001,34.459999,33.27,34.450001,33.07671,23251600
10/16/2020,34.369999,34.639999,33.880001,34.099998,32.740658,22627200
10/19/2020,34.099998,34.369999,33.389999,33.419998,32.087769,23645800
10/20/2020,33.66,33.93,33.330002,33.700001,32.356606,23040600
10/21/2020,33.509998,33.619999,33.139999,33.16,31.838133,28619300
10/22/2020,33.18,34.959999,33.02,34.860001,33.470364,31831500
10/23/2020,34.970001,35.080002,33.860001,34.16,32.798267,27429100
10/26/2020,33.610001,33.77,32.950001,33.349998,32.020557,30888700
10/27/2020,33.150002,33.200001,32.700001,32.82,31.511684,27100700
10/28/2020,32.099998,32.380001,31.52,31.57,30.311514,42136400
10/29/2020,31.41,33.130001,31.110001,32.970001,31.655704,38622800
10/30/2020,32.41,33.139999,32.009998,32.619999,31.319654,47885700
11/2/2020,33.139999,34.459999,32.57,33.990002,32.635044,40130300
11/3/2020,34.490002,34.490002,33.130001,33.41,32.078163,36773000
11/4/2020,33.27,34.139999,32.529999,33.23,31.90534,35410100
11/5/2020,33.369999,33.919998,33.139999,33.169998,31.847731,30824100
11/6/2020,33.099998,33.66,32.619999,32.779999,31.473278,33985600
11/9/2020,36.419998,38.009998,36.060001,36.93,35.457848,76879400
11/10/2020,37.049999,37.43,35.98,36.860001,36.244488,49055400
11/11/2020,37.09,37.119999,36.189999,36.48,35.870834,34124500
11/12/2020,35.860001,36.290001,34.869999,35.23,34.641705,30933700
11/13/2020,35.400002,36.25,35.380001,36.080002,35.477512,29241500
11/16/2020,37.59,38.169998,37.099998,38.16,37.522778,38596800
11/17/2020,37.810001,38.709999,37.380001,38.669998,38.024261,26521100
11/18/2020,39.02,39.130001,37.200001,37.209999,36.588642,31068000
11/19/2020,36.860001,37.5,36.560001,37.400002,36.775471,26954400
11/20/2020,37.349998,37.41,36.779999,36.939999,36.323151,18351000
11/23/2020,37.5,39.43,37.279999,39.360001,38.70274,29367600
11/24/2020,40.509998,42.080002,40.220001,41.98,41.278992,46979300
11/25/2020,41.669998,41.709999,40.650002,40.810001,40.128529,28178200
11/27/2020,40.700001,40.939999,39.869999,40.189999,39.518879,14971900
11/30/2020,39.799999,39.880001,37.970001,38.130001,37.493282,45614300
12/1/2020,38.959999,39.650002,38.470001,38.5,37.857101,32503100
12/2/2020,38.389999,40.419998,38.34,39.939999,39.273056,29369500
12/3/2020,40.07,40.639999,39.73,40.209999,39.538548,27038900
12/4/2020,40.77,41.759998,40.650002,41.68,40.984001,28723600
12/7/2020,41.419998,41.540001,40.669998,40.900002,40.217026,24899400
12/8/2020,40.529999,42.59,40.439999,42.240002,41.534649,32573800
12/9/2020,42.709999,43.73,42.380001,42.799999,42.085297,37824800
12/10/2020,43.200001,44.470001,42.759998,44.009998,43.275089,38058700
12/11/2020,43.700001,43.93,43.209999,43.799999,43.0686,25478800
12/14/2020,44.34,44.459999,42.18,42.220001,41.514984,30595000
12/15/2020,42.439999,43.220001,42.060001,43.040001,42.321289,27239700
12/16/2020,43.75,44.110001,42.959999,43.700001,42.970268,34273000
12/17/2020,44,44.040001,43.400002,43.48,42.753941,21204600
12/18/2020,43.27,43.779999,42.419998,42.73,42.016464,46596800
12/21/2020,41.110001,42.080002,40.529999,41.950001,41.249493,27869500
12/22/2020,41.580002,41.900002,41.23,41.240002,40.55135,21792900
12/23/2020,41.509998,42.389999,41.459999,41.77,41.072498,19085900
12/24/2020,41.650002,41.849998,41.380001,41.599998,40.905334,8039000
12/28/2020,41.689999,42.549999,41.52,41.740002,41.042999,23877500
12/29/2020,42.040001,42.119999,41.200001,41.27,40.580849,20287700
12/30/2020,41.330002,42.419998,41.27,41.599998,40.905334,23807300
12/31/2020,41.470001,41.68,40.970001,41.220001,40.531681,22786500
1/4/2021,41.450001,42.25,41,41.5,40.807007,27764700
1/5/2021,41.84,44.799999,41.830002,43.5,42.773609,44035100
1/6/2021,44.41,45.099998,43.700001,44.610001,43.865074,36484800
1/7/2021,45,45.57,44.529999,44.959999,44.209229,29528100
1/8/2021,45.200001,45.82,44.950001,45.459999,44.700878,28628200
1/11/2021,45.040001,47.139999,44.75,46.84,46.057835,38290900
1/12/2021,47.459999,48.169998,46.91,47.880001,47.080471,36915100
1/13/2021,48.529999,48.709999,47.689999,48.419998,47.61145,29000300
1/14/2021,48.5,51.080002,48.5,50.310001,49.469891,35474800
1/15/2021,48.91,49.080002,47.290001,47.889999,47.090302,42411300
1/19/2021,48.450001,49.439999,48.349998,48.84,48.024437,24932600
1/20/2021,49.110001,49.740002,48.990002,49.529999,48.702915,22342400
1/21/2021,49.330002,49.389999,47.68,48.110001,47.306629,29058600
1/22/2021,47.009998,47.639999,46.639999,47.43,46.637981,23264800
1/25/2021,46.900002,47.049999,46.16,46.900002,46.116833,26395800
1/26/2021,47.259998,47.860001,45.849998,45.869999,45.104031,23976800
1/27/2021,45,46.66,44.529999,45.349998,44.592716,32410300
1/28/2021,45.939999,46.59,45.689999,46.060001,45.290863,24967200
1/29/2021,45.549999,46.040001,44.509998,44.84,44.091232,38950400
2/1/2021,45.580002,45.580002,44.290001,44.919998,44.169895,24412400
2/2/2021,45.810001,46.990002,45.279999,45.630001,44.868042,31940400
2/3/2021,45.630001,47.669998,45.419998,47.419998,46.628147,28459300
2/4/2021,47.880001,48.380001,47.25,48.330002,47.522957,25280300
2/5/2021,49.18,50.119999,49.040001,49.950001,49.115902,34951900
2/8/2021,50.919998,52.360001,50.709999,52.099998,51.23,36998700
2/9/2021,50.669998,50.959999,49.77,50.630001,50.630001,28977000
2/10/2021,50.630001,51.419998,50.389999,51.119999,51.119999,25723800
2/11/2021,50.889999,50.93,48.779999,49.84,49.84,26946600
2/12/2021,49.43,50.709999,49.41,50.52,50.52,19749400
2/16/2021,51.959999,52.529999,51.619999,52.040001,52.040001,28060100
2/17/2021,52.349998,53.27,51.799999,52.849998,52.849998,25509700
2/18/2021,52.810001,52.939999,51.860001,52.02,52.02,20627600
2/19/2021,52.110001,52.560001,51.919998,52.369999,52.369999,22607200
2/22/2021,52.59,54.810001,52.59,54.299999,54.299999,36435100
2/23/2021,54.98,55.259998,53.740002,55.049999,55.049999,33527900
2/24/2021,55.189999,57,54.869999,56.700001,56.700001,28728600
2/25/2021,56.98,57.25,55.349998,55.759998,55.759998,29670900
2/26/2021,54.41,55.060001,53.119999,54.369999,54.369999,35284500
3/1/2021,56.470001,57.610001,56.130001,56.400002,56.400002,36973400
3/2/2021,56.650002,56.959999,56.02,56.07,56.07,30281900
3/3/2021,56.419998,57.959999,55.880001,56.52,56.52,35335900
3/4/2021,57.119999,59.470001,57.099998,58.709999,58.709999,51928500
3/5/2021,59.830002,61.049999,59.110001,60.93,60.93,51397800
3/8/2021,61.580002,61.610001,59.82,60.869999,60.869999,38142300
3/9/2021,60.610001,61.389999,59.470001,59.93,59.93,35605200
3/10/2021,60.52,61.919998,60.029999,61.77,61.77,31551900
3/11/2021,61.779999,62.549999,61.259998,61.310001,61.310001,24772800
3/12/2021,61.549999,62.369999,61.5,61.970001,61.970001,20414700
3/15/2021,61.490002,61.860001,59.869999,60.389999,60.389999,31243600
3/16/2021,59.540001,59.66,58.439999,59.110001,59.110001,30367500
3/17/2021,58.689999,59.73,58.619999,59.369999,59.369999,25230100
3/18/2021,58.810001,58.970001,56.52,56.810001,56.810001,38605800
3/19/2021,56.709999,57.470001,55.810001,56.490002,56.490002,84044000
3/22/2021,56.5,56.860001,55.900002,55.91,55.91,29315100
3/23/2021,54.939999,56.290001,54.450001,55.220001,55.220001,33493300
3/24/2021,56.080002,57.279999,56.080002,56.34,56.34,29781800
3/25/2021,55.209999,56.5,54.5,56.18,56.18,31495900
3/26/2021,57.299999,57.779999,56.52,57.709999,57.709999,34205300
3/29/2021,57.34,57.82,56.740002,57.400002,57.400002,21144400
3/30/2021,56.860001,57.360001,56.490002,56.689999,56.689999,20303400
3/31/2021,56.349998,56.630001,55.799999,55.830002,55.830002,23686500
4/1/2021,56.32,57.450001,56.139999,57.389999,57.389999,23184400
4/5/2021,57.299999,57.32,56.139999,56.5,56.5,23264800
4/6/2021,56.84,57.540001,56.259998,56.34,56.34,18926300
4/7/2021,56.389999,56.77,56.240002,56.59,56.59,22385000
4/8/2021,55.93,56.080002,55.32,56,56,21999300
4/9/2021,56,56.439999,55.529999,55.869999,55.869999,20010100
